Device (ID),Command ID,Element ID,Class Type,Arg ID,Value,Limit Min,Limit Max,Hints,,
ANTI_ICE_INTERFACE(60),3001,ROTOR-DEICER-AUTO-MAN-PTR,TUMB,109,-1,0,1,AntiIce AUTO/MANUAL,,
ANTI_ICE_INTERFACE(60),3001,ROTOR-DEICER-AUTO-MAN-PTR,TUMB,109,1,0,1,AntiIce AUTO/MANUAL,,
ANTI_ICE_INTERFACE(60),3002,ROTOR-DEICER-OFF-PTR,BTN,110,1,0,1,AntiIce OFF,,
ANTI_ICE_INTERFACE(60),3003,LEFT-ENG-HEATING-PTR,TUMB,113,-1,0,1,Left Engine AntiIce ON/OFF,,
ANTI_ICE_INTERFACE(60),3003,LEFT-ENG-HEATING-PTR,TUMB,113,1,0,1,Left Engine AntiIce ON/OFF,,
ANTI_ICE_INTERFACE(60),3004,RIGHT-ENG-HEATING-PTR,TUMB,112,-1,0,1,Right Engine AntiIce ON/OFF,,
ANTI_ICE_INTERFACE(60),3004,RIGHT-ENG-HEATING-PTR,TUMB,112,1,0,1,Right Engine AntiIce ON/OFF,,
ANTI_ICE_INTERFACE(60),3005,WINDSHIELD-DEICER-PTR,TUMB,111,-1,-1,1,Windshield Antiice LOW/OFF/HIGH,,
ANTI_ICE_INTERFACE(60),3005,WINDSHIELD-DEICER-PTR,TUMB,111,1,-1,1,Windshield Antiice LOW/OFF/HIGH,,
ANTI_ICE_INTERFACE(60),3006,WINDSHIELD-DEICER-OP-PTR,TUMB,675,-1,-1,1,Windshield Antiice LOW/OFF/HIGH,,
ANTI_ICE_INTERFACE(60),3006,WINDSHIELD-DEICER-OP-PTR,TUMB,675,1,-1,1,Windshield Antiice LOW/OFF/HIGH,,
ANTI_ICE_INTERFACE(60),3007,DEICER-KNOB-PTR,TUMB,114,-0.1,0,1,AC Voltmeter knob,,
ANTI_ICE_INTERFACE(60),3007,DEICER-KNOB-PTR,TUMB,114,0.1,0,1,AC Voltmeter knob,,
ARC_15_PANEL_O(48),3001,ARC-OP-VOLUME-PTR,LEV,634,0,0,1,ARC-15 Volume,,
ARC_15_PANEL_O(48),3002,ARC-OP-MODULATED-PTR,TUMB,635,-1,0,1,ARC-15 TLF/TLG,,
ARC_15_PANEL_O(48),3002,ARC-OP-MODULATED-PTR,TUMB,635,1,0,1,ARC-15 TLF/TLG,,
ARC_15_PANEL_O(48),3003,ARC-OP-MODE-PTR,TUMB,638,-0.115,0,0.345,ARC-15 mode OFF/COMPASS/ANT/FRAME,,
ARC_15_PANEL_O(48),3003,ARC-OP-MODE-PTR,TUMB,638,0.115,0,0.345,ARC-15 mode OFF/COMPASS/ANT/FRAME,,
ARC_15_PANEL_O(48),3004,ARC-OP-CH2-OUT-KNOB,TUMB,639,-0.058823529,0,1,ARC-15 Left Frequency,,
ARC_15_PANEL_O(48),3004,ARC-OP-CH2-OUT-KNOB,TUMB,639,0.058823529,0,1,ARC-15 Left Frequency,,
ARC_15_PANEL_O(48),3005,ARC-OP-CH2-CENTER-PTR,TUMB,640,-0.111111111,0,1,ARC-15 Left Frequency,,
ARC_15_PANEL_O(48),3005,ARC-OP-CH2-CENTER-PTR,TUMB,640,0.111111111,0,1,ARC-15 Left Frequency,,
ARC_15_PANEL_O(48),3006,ARC-OP-CH2-IN-PTR,TUMB,641,-0.05,0,0.95,ARC-15 Left Frequency,,
ARC_15_PANEL_O(48),3006,ARC-OP-CH2-IN-PTR,TUMB,641,0.05,0,0.95,ARC-15 Left Frequency,,
ARC_15_PANEL_O(48),3007,ARC-OP-CH1-OUT-KNOB,TUMB,642,-0.058823529,0,1,ARC-15 Right Frequency,,
ARC_15_PANEL_O(48),3007,ARC-OP-CH1-OUT-KNOB,TUMB,642,0.058823529,0,1,ARC-15 Right Frequency,,
ARC_15_PANEL_O(48),3008,ARC-OP-CH1-CENTER-PTR,TUMB,643,-0.111111111,0,1,ARC-15 Right Frequency,,
ARC_15_PANEL_O(48),3008,ARC-OP-CH1-CENTER-PTR,TUMB,643,0.111111111,0,1,ARC-15 Right Frequency,,
ARC_15_PANEL_O(48),3009,ARC-OP-CH1-IN-PTR,TUMB,644,-0.05,0,0.95,ARC-15 Right Frequency,,
ARC_15_PANEL_O(48),3009,ARC-OP-CH1-IN-PTR,TUMB,644,0.05,0,0.95,ARC-15 Right Frequency,,
ARC_15_PANEL_O(48),3010,ARC-OP-FRAME-PTR,BTN,633,1,0,1,ARC-15 Loop Button,,
ARC_15_PANEL_O(48),3011,ARC-OP-CHANNEL-PTR,TUMB,637,-1,0,1,ARC-15 1/2,,
ARC_15_PANEL_O(48),3011,ARC-OP-CHANNEL-PTR,TUMB,637,1,0,1,ARC-15 1/2,,
ARC_15_PANEL_O(48),3012,ARC-OP-AUTH-PTR,BTN,636,1,0,1,ARC-15 Control Button,,
ARC_15_PANEL_P(47),3001,ARC-VOLUME-PTR,LEV,459,0,0,1,ARC-15 Volume,,
ARC_15_PANEL_P(47),3002,ARC-MODULATED-PTR,TUMB,460,-1,0,1,ARC-15 TLF/TLG,,
ARC_15_PANEL_P(47),3002,ARC-MODULATED-PTR,TUMB,460,1,0,1,ARC-15 TLF/TLG,,
ARC_15_PANEL_P(47),3003,ARC-MODE-PTR,TUMB,463,-0.115,0,0.345,ARC-15 mode OFF/COMPASS/ANT/FRAME,,
ARC_15_PANEL_P(47),3003,ARC-MODE-PTR,TUMB,463,0.115,0,0.345,ARC-15 mode OFF/COMPASS/ANT/FRAME,,
ARC_15_PANEL_P(47),3004,ARC-CH2-OUT-KNOB,TUMB,464,-0.058823529,0,1,ARC-15 Left Frequency,,
ARC_15_PANEL_P(47),3004,ARC-CH2-OUT-KNOB,TUMB,464,0.058823529,0,1,ARC-15 Left Frequency,,
ARC_15_PANEL_P(47),3005,ARC-CH2-CENTER-PTR,TUMB,465,-0.111111111,0,1,ARC-15 Left Frequency,,
ARC_15_PANEL_P(47),3005,ARC-CH2-CENTER-PTR,TUMB,465,0.111111111,0,1,ARC-15 Left Frequency,,
ARC_15_PANEL_P(47),3006,ARC-CH2-IN-PTR,TUMB,466,-0.05,0,0.95,ARC-15 Left Frequency,,
ARC_15_PANEL_P(47),3006,ARC-CH2-IN-PTR,TUMB,466,0.05,0,0.95,ARC-15 Left Frequency,,
ARC_15_PANEL_P(47),3007,ARC-CH1-OUT-KNOB,TUMB,467,-0.058823529,0,1,ARC-15 Right Frequency,,
ARC_15_PANEL_P(47),3007,ARC-CH1-OUT-KNOB,TUMB,467,0.058823529,0,1,ARC-15 Right Frequency,,
ARC_15_PANEL_P(47),3008,ARC-CH1-CENTER-PTR,TUMB,468,-0.111111111,0,1,ARC-15 Right Frequency,,
ARC_15_PANEL_P(47),3008,ARC-CH1-CENTER-PTR,TUMB,468,0.111111111,0,1,ARC-15 Right Frequency,,
ARC_15_PANEL_P(47),3009,ARC-CH1-IN-PTR,TUMB,469,-0.05,0,0.95,ARC-15 Right Frequency,,
ARC_15_PANEL_P(47),3009,ARC-CH1-IN-PTR,TUMB,469,0.05,0,0.95,ARC-15 Right Frequency,,
ARC_15_PANEL_P(47),3010,ARC-FRAME-PTR,BTN,458,1,0,1,ARC-15 Loop Button,,
ARC_15_PANEL_P(47),3011,ARC-CHANNEL-PTR,TUMB,462,-1,0,1,ARC-15 1/2,,
ARC_15_PANEL_P(47),3011,ARC-CHANNEL-PTR,TUMB,462,1,0,1,ARC-15 1/2,,
ARC_15_PANEL_P(47),3012,ARC-AUTH-PTR,BTN,461,1,0,1,ARC-15 Control Button,,
ARC_U2(54),3001,ARC-U2-ON-OFF-PTR,TUMB,324,-1,0,1,ARC-U2 switcher On/Off,,
ARC_U2(54),3001,ARC-U2-ON-OFF-PTR,TUMB,324,1,0,1,ARC-U2 switcher On/Off,,
ARC_U2(54),3002,ARC-U2-FRAME-PTR,BTN,325,-1,-1,0,ARC-U2 switcher L–RAMKA-P,,
ARC_U2(54),3003,ARC-U2-FRAME-PTR,BTN,325,1,0,1,ARC-U2 switcher L–RAMKA-P,,
ARC_U2(54),3004,ARC-U2-SENS-PTR,TUMB,326,-1,0,1,ARC-U2 switcher sensitivity B-M,,
ARC_U2(54),3004,ARC-U2-SENS-PTR,TUMB,326,1,0,1,ARC-U2 switcher sensitivity B-M,,
ARC_U2(54),3005,ARC-U2-COMPASS-CONNECT-PTR,TUMB,327,-1,-1,1,ARC-U2 switcher COMPASS R-852–RADIOLINK–COMPASS R-828,,
ARC_U2(54),3005,ARC-U2-COMPASS-CONNECT-PTR,TUMB,327,1,-1,1,ARC-U2 switcher COMPASS R-852–RADIOLINK–COMPASS R-828,,
ASO_2V(9),3001,ASO2V-INTERV-PTR,TUMB,1008,-1,0,1,Interval,,
ASO_2V(9),3001,ASO2V-INTERV-PTR,TUMB,1008,1,0,1,Interval,,
ASO_2V(9),3002,ASO2V-SERIES-PTR,TUMB,965,-1,0,1,Serie,,
ASO_2V(9),3002,ASO2V-SERIES-PTR,TUMB,965,1,0,1,Serie,,
ASO_2V(9),3003,ASO2V-RESET-PTR,BTN,968,1,0,1,Launch Snars,,
ASO_2V(9),3004,ASO2V-LEFT-PTR,TUMB,969,-1,0,1,Left Side,,
ASO_2V(9),3004,ASO2V-LEFT-PTR,TUMB,969,1,0,1,Left Side,,
ASO_2V(9),3005,ASO2V-RIGHT-PTR,TUMB,970,-1,0,1,Right Side,,
ASO_2V(9),3005,ASO2V-RIGHT-PTR,TUMB,970,1,0,1,Right Side,,
ASO_2V(9),3006,ASO2V-SETS-PTR,TUMB,971,-0.1,0,0.3,Set I/II/III,,
ASO_2V(9),3006,ASO2V-SETS-PTR,TUMB,971,0.1,0,0.3,Set I/II/III,,
ASO_2V(9),3007,ASO-ON-PTR,BTN,847,1,0,1,Pilot Launch Snars,,
ASP_17V(16),3001,SIGHT-MAN-AUTO-PTR,TUMB,553,-0.5,0,0.5,Sight mode MANUAL/AUTO,,
ASP_17V(16),3001,SIGHT-MAN-AUTO-PTR,TUMB,553,0.5,0,0.5,Sight mode MANUAL/AUTO,,
ASP_17V(16),3002,SIGHT-SYNC-UNSYNC-PTR,TUMB,554,-0.5,0,0.5,Sight mode SYNC/ASYNC,,
ASP_17V(16),3002,SIGHT-SYNC-UNSYNC-PTR,TUMB,554,0.5,0,0.5,Sight mode SYNC/ASYNC,,
ASP_17V(16),3003,WEAP-DIST-MAN-AUTO-PTR,TUMB,515,-1,0,1,Sight distance MANUAL/AUTO,,
ASP_17V(16),3003,WEAP-DIST-MAN-AUTO-PTR,TUMB,515,1,0,1,Sight distance MANUAL/AUTO,,
ASP_17V(16),3004,WEAP-SIGHT-DIST-PTR,LEV,552,0,0,1,Sight Range Adjustment,,
ASP_17V(16),3005,SIGHT-VERT-KNOB-PTR,LEV,556,0,0,1,Sight Crosshair Vertical Adjustment,,
ASP_17V(16),3006,SIGHT-HOR-KNOB-PTR,LEV,566,0,0,1,Sight Crosshair Horizontal Adjustment,,
ASP_17V(16),3007,WEAP-SIGHT-RESET-PTR,BTN,528,1,0,1,Sight Resrt Crosshair,,
ASP_17V(16),3008,SIGHT-BASE-KNOB-PTR,LEV,557,0,0,1,Sight Base and Range Adjustment,,
ASP_17V(16),3009,SIGHT-CONTROL-PTR,BTN,570,1,0,1,Sight Control,,
ASP_17V(16),3010,SIGHT-GRID-BRIGHNTNESS-KNOB-PTR,LEV,567,0,0,1,Sight Grid Brightness Adjustment,,
ASP_17V(16),3011,SIGHT-CROSSHAIR-BRIGHNTNESS-KNOB-PTR,LEV,564,0,0,1,Sight Crosshair Brightness Adjustment,,
ASP_17V(16),3012,SIGHT-GRID-BACKUP-PTR,TUMB,569,-1,0,1,Sight Grid Lamp MAIN/BACKUP,,
ASP_17V(16),3012,SIGHT-GRID-BACKUP-PTR,TUMB,569,1,0,1,Sight Grid Lamp MAIN/BACKUP,,
ASP_17V(16),3013,SIGHT-CROSSHAIR-BACKUP-PTR,TUMB,568,-1,0,1,Sight Crosshair Lamp MAIN/BACKUP,,
ASP_17V(16),3013,SIGHT-CROSSHAIR-BACKUP-PTR,TUMB,568,1,0,1,Sight Crosshair Lamp MAIN/BACKUP,,
ASP_17V(16),3014,WEAP-SIGHT-ON-PFF-PTR,TUMB,529,-1,0,1,Sight Power ON/OFF,,
ASP_17V(16),3014,WEAP-SIGHT-ON-PFF-PTR,TUMB,529,1,0,1,Sight Power ON/OFF,,
ASP_17V(16),3015,WEAP-DISTR-POWER-OP-PTR,TUMB,761,-1,0,1,USR power,,
ASP_17V(16),3015,WEAP-DISTR-POWER-OP-PTR,TUMB,761,1,0,1,USR power,,
ASP_17V(16),3016,WEAP-DISTR-CONTROL-OP-PTR,TUMB,762,-1,-1,1,USR check,,
ASP_17V(16),3016,WEAP-DISTR-CONTROL-OP-PTR,TUMB,762,1,-1,1,USR check,,
ASP_17V(16),3045,ILS-ADJUST-HANDLE-PTR,TUMB,1005,0,0,1,Sight reflector control,,
ASP_17V(16),3046,ILS-ADJUST-HANDLE-PTR,LEV,1006,0,0,1,Sight reflector control,,
AUTOPILOT(10),3001,SAU-K-ON-PTR,BTN,243,1,0,1,Autopilot K Channel ON,,
AUTOPILOT(10),3003,SAU-K-OFF-PTR,BTN,242,1,0,1,Autopilot K Channel OFF,,
AUTOPILOT(10),3005,SAU-H-ON-PTR,BTN,237,1,0,1,Autopilot H Channel ON,,
AUTOPILOT(10),3007,SAU-H-OFF-PTR,BTN,236,1,0,1,Autopilot H Channel OFF,,
AUTOPILOT(10),3009,SAU-T-ON-PTR,BTN,249,1,0,1,Autopilot T Channel ON,,
AUTOPILOT(10),3011,SAU-T-OFF-PTR,BTN,248,1,0,1,Autopilot T Channel OFF,,
AUTOPILOT(10),3013,SAU-B-ON-PTR,BTN,255,1,0,1,Autopilot B Channel ON,,
AUTOPILOT(10),3015,SAU-B-OFF-PTR,BTN,254,1,0,1,Autopilot B Channel OFF,,
AUTOPILOT(10),3017,SAU-B-SWITCH-PTR,BTN,253,1,0,1,Autopilot Altitude Control,,
AUTOPILOT(10),3019,SAU-B-SWITCH-PTR,BTN,253,-1,-1,0,Autopilot Altitude Control,,
AUTOPILOT(10),3021,SAU-K-KNOB-PTR,LEV,240,0,0,1,Autopilot K Channel Delta Correction,,
AUTOPILOT(10),3023,SAU-H-KNOB-PTR,LEV,234,0,0,1,Autopilot H Channel Delta Correction,,
AUTOPILOT(10),3025,SAU-T-KNOB-PTR,LEV,246,0,0,1,Autopilot T Channel Delta Correction,,
AUTOPILOT(10),3027,STICK-TRIMMER-PTR,BTN,742,1,0,1,Autopilot Trimmer Button,,
AUTOPILOT(10),3028,OP-STICK-TRIMMER-PTR,BTN,855,1,0,1,Autopilot Trimmer Button,,
AUTOPILOT(10),3030,SAU-AZ-PTR,LEV,262,1,0,1,Autopilot Route Azimuth,,
AUTOPILOT(10),3032,SAU-HEIGHT-ON-PTR,BTN,258,1,0,1,Autopilot Altitude Mode ON,,
AUTOPILOT(10),3034,SAU-HEIGHT-OFF-PTR,BTN,257,1,0,1,Autopilot Altitude Mode OFF,,
AUTOPILOT(10),3036,SAU-HOVER-ON-PTR,BTN,259,1,0,1,Autopilot Hover Mode ON,,
AUTOPILOT(10),3038,SAU-ROUTE-ON-PTR,BTN,261,1,0,1,Autopilot Route Mode ON,,
AUTOPILOT(10),3040,SAU-HOVER-ROUTE-OFF-PTR,BTN,260,1,0,1,Autopilot Route and Hover Modes OFF,,
AUTOPILOT(10),3042,SAU-SPEED-ON-PTR,BTN,268,1,0,1,Autopilot Speed Stabilization ON,,
AUTOPILOT(10),3044,SAU-SPEED-OFF-PTR,BTN,269,1,0,1,Autopilot Speed Stabilization OFF,,
AUTOPILOT(10),3070,SAU-BRIGHT-DIM-PTR,TUMB,267,-1,0,1,Buttons Lighting BRIGHT/DIM,,
AUTOPILOT(10),3070,SAU-BRIGHT-DIM-PTR,TUMB,267,1,0,1,Buttons Lighting BRIGHT/DIM,,
BAROALT_O(42),3001,ALTIMETER-KNOB-OP-PTR,LEV,788,1,0,1,Operator Baro Pressure Knob,,
BAROALT_P(41),3001,ALTIMETER-KNOB-PTR,LEV,18,1,0,1,Baro Pressure Knob,,
CLOCK_O(36),3001,CLOCK-LEFT-OP-PTR,BTN,687,1,0,1,Mech clock left lever,,
CLOCK_O(36),3002,CLOCK-LEFT-OP-PTR,BTN,687,-1,-1,0,Mech clock left lever,,
CLOCK_O(36),3003,CLOCK-LEFT-OP-PTR,LEV,688,1,0,1,Mech clock left lever,,
CLOCK_O(36),3004,CLOCK-RIGHT-OP-PTR,BTN,693,1,0,1,Mech clock right lever,,
CLOCK_O(36),3005,CLOCK-RIGHT-OP-PTR,LEV,694,0.05,-0.15,0.15,Mech clock right lever,,
CLOCK_P(35),3001,CLOCK-LEFT-PTR,BTN,57,1,0,1,Mech clock left lever,,
CLOCK_P(35),3002,CLOCK-LEFT-PTR,BTN,57,-1,-1,0,Mech clock left lever,,
CLOCK_P(35),3003,CLOCK-LEFT-PTR,LEV,58,1,0,1,Mech clock left lever,,
CLOCK_P(35),3004,CLOCK-RIGHT-PTR,BTN,59,1,0,1,Mech clock right lever,,
CLOCK_P(35),3005,CLOCK-RIGHT-PTR,LEV,60,0.05,-0.15,0.15,Mech clock right lever,,
CPT_MECH(11),3001,LANDING-GEAR-PTR,TUMB,232,0,0,1,Gear Lever, UP/DOWN,
CPT_MECH(11),3001,LANDING-GEAR-PTR,TUMB,232,1,0,1,Gear Lever, UP/DOWN,
CPT_MECH(11),3002,LANDING-GEAR-LOCK-PTR,TUMB,228,0,0,1,Gear Lever Lock, UP/DOWN,
CPT_MECH(11),3002,LANDING-GEAR-LOCK-PTR,TUMB,228,1,0,1,Gear Lever Lock, UP/DOWN,
CPT_MECH(11),3003,LANDING-GEAR-LIGHTS-PTR,TUMB,224,-1,0,1,Gear Indication Lights ON/OFF,,
CPT_MECH(11),3003,LANDING-GEAR-LIGHTS-PTR,TUMB,224,1,0,1,Gear Indication Lights ON/OFF,,
CPT_MECH(11),3004,LANDING-GEAR-LIGHTS-COVER-PTR,TUMB,223,-1,0,1,Gear Indication Lights Cover UP/DOWN,,
CPT_MECH(11),3004,LANDING-GEAR-LIGHTS-COVER-PTR,TUMB,223,1,0,1,Gear Indication Lights Cover UP/DOWN,,
CPT_MECH(11),3005,LANDING-GEAR-OP-PTR,TUMB,677,-1,0,1,Operator Gear Switch, UP/DOWN,
CPT_MECH(11),3005,LANDING-GEAR-OP-PTR,TUMB,677,1,0,1,Operator Gear Switch, UP/DOWN,
CPT_MECH(11),3006,LANDING-GEAR-OP-COVER-PTR,TUMB,676,-1,0,1,Operator Gear Switch Cover, UP/DOWN,
CPT_MECH(11),3006,LANDING-GEAR-OP-COVER-PTR,TUMB,676,1,0,1,Operator Gear Switch Cover, UP/DOWN,
CPT_MECH(11),3007,LANDING-GEAR-EMER-PTR,TUMB,827,0,0,1,Emeregency Gear Lever,,
CPT_MECH(11),3007,LANDING-GEAR-EMER-PTR,TUMB,827,1,0,1,Emeregency Gear Lever,,
CPT_MECH(11),3012,DUAS-V-HEATING-OP-PTR,TUMB,763,-1,0,1,Heating DUAS, ON/OFF,
CPT_MECH(11),3012,DUAS-V-HEATING-OP-PTR,TUMB,763,1,0,1,Heating DUAS, ON/OFF,
CPT_MECH(11),3013,CLOCK-HEATING-OP-PTR,TUMB,672,-1,0,1,Clock Heating Switch, ON/OFF,
CPT_MECH(11),3013,CLOCK-HEATING-OP-PTR,TUMB,672,1,0,1,Clock Heating Switch, ON/OFF,
CPT_MECH(11),3015,WIPER-SPRINKLER-PTR,BTN,384,1,0,1,Window Sprayer Button,,
CPT_MECH(11),3016,WIPER-SPRINKLER-OP-PTR,BTN,680,1,0,1,Operator Window Sprayer Button,,
CPT_MECH(11),3017,CANOPY-HANDLE-PTR,TUMB,8,0,0,1,Pilot Door Safety Lock, OPEN/CLOSE,
CPT_MECH(11),3017,CANOPY-HANDLE-PTR,TUMB,8,1,0,1,Pilot Door Safety Lock, OPEN/CLOSE,
CPT_MECH(11),3018,CANOPY-HANDLE-SAFETY-PTR,BTN,189,1,0,1,Pilot Door Safety Lock Button,,
CPT_MECH(11),3019,CANOPY-HANDLE-OP-PTR,TUMB,848,0,0,1,Operator Lock Canopy, OPEN/CLOSE,
CPT_MECH(11),3019,CANOPY-HANDLE-OP-PTR,TUMB,848,1,0,1,Operator Lock Canopy, OPEN/CLOSE,
CPT_MECH(11),3020,WIPER-MODE-PTR-HISPEED,TUMB,418,0.25,0.25,0.25,Windscreen Wiper Control Switch, SPEED 2,
CPT_MECH(11),3020,WIPER-MODE-PTR-LOWSPEED,TUMB,418,0.15,0.15,0.15,Windscreen Wiper Control Switch, SPEED 1,
CPT_MECH(11),3020,WIPER-MODE-PTR-OFF,TUMB,418,0,0,0,Windscreen Wiper Control Switch, OFF,
CPT_MECH(11),3020,WIPER-MODE-PTR-RESET,BTN,418,0.35,0,0.35,Windscreen Wiper Control Switch, RESET,
CPT_MECH(11),3020,WIPER-MODE-PTR-START,TUMB,418,0.05,0.05,0.05,Windscreen Wiper Control Switch, START,
CPT_MECH(11),3021,WIPER-MODE-OP-PTR-HISPEED,TUMB,674,0.25,0.25,0.25,Windscreen Wiper Control Switch, SPEED 2,
CPT_MECH(11),3021,WIPER-MODE-OP-PTR-LOWSPEED,TUMB,674,0.15,0.15,0.15,Windscreen Wiper Control Switch, SPEED 1,
CPT_MECH(11),3021,WIPER-MODE-OP-PTR-OFF,TUMB,674,0,0,0,Windscreen Wiper Control Switch, OFF,
CPT_MECH(11),3021,WIPER-MODE-OP-PTR-RESET,BTN,674,0.35,0,0.35,Windscreen Wiper Control Switch, RESET,
CPT_MECH(11),3021,WIPER-MODE-OP-PTR-START,TUMB,674,0.05,0.05,0.05,Windscreen Wiper Control Switch, START,
CPT_MECH(11),3024,FAN-PTR,TUMB,420,-1,0,1,Pilot Fan, ON/OFF,
CPT_MECH(11),3024,FAN-PTR,TUMB,420,1,0,1,Pilot Fan, ON/OFF,
CPT_MECH(11),3025,FAN-OP-PTR,TUMB,665,-1,0,1,Operator Fan, ON/OFF,
CPT_MECH(11),3025,FAN-OP-PTR,TUMB,665,1,0,1,Operator Fan, ON/OFF,
CPT_MECH(11),3026,STICK-BRAKE-PTR,BTN,737,1,0,1,Wheel Brakes Handle,,
CPT_MECH(11),3027,STICK-BRAKE-FIX-PTR,TUMB,736,-1,0,1,Parking Brake Handle,,
CPT_MECH(11),3027,STICK-BRAKE-FIX-PTR,TUMB,736,1,0,1,Parking Brake Handle,,
CPT_MECH(11),3028,COLLECTIVE-FRICT-PTR,BTN,753,1,0,1,friction clutch of the collective,,
CPT_MECH(11),3029,EASTER_PILOT,BTN,0,1,0,1,Cockpit Fan - Touch,,
CPT_MECH(11),3030,EASTER_OP,BTN,0,1,0,1,Cockpit Fan - Touch,,
CPT_MECH(11),3031,PTR-STICK-HIDE-974,TUMB,974,-1,0,1,Hide Stick toggle,,
CPT_MECH(11),3031,PTR-STICK-HIDE-974,TUMB,974,1,0,1,Hide Stick toggle,,
CPT_MECH(11),3040,CONTROL-TRIMMER-OP-PTR,TUMB,671,-1,0,1,Autopilot Trimmer for yourself ,,
CPT_MECH(11),3040,CONTROL-TRIMMER-OP-PTR,TUMB,671,1,0,1,Autopilot Trimmer for yourself ,,
CPT_MECH(11),3041,CONTROL-TRIMMER-OP-COVER-PTR,TUMB,670,-1,0,1,Autopilot Trimmer for yourself Switch Cover, UP/DOWN,
CPT_MECH(11),3041,CONTROL-TRIMMER-OP-COVER-PTR,TUMB,670,1,0,1,Autopilot Trimmer for yourself Switch Cover, UP/DOWN,
DISS_15(8),3001,DISS-ON-OFF-PTR,TUMB,371,-1,0,1,DISS-15D ON/OFF,,
DISS_15(8),3001,DISS-ON-OFF-PTR,TUMB,371,1,0,1,DISS-15D ON/OFF,,
DISS_15(8),3002,DVS-DISS-PTR,TUMB,370,-1,0,1,Airspeed to DISS ON/OFF,,
DISS_15(8),3002,DVS-DISS-PTR,TUMB,370,1,0,1,Airspeed to DISS ON/OFF,,
DISS_15(8),3003,PTR-DISS-BTN-OFF,BTN,818,1,0,1,DISS coordinates OFF,,
DISS_15(8),3004,PTR-DISS-BTN-ON,BTN,819,1,0,1,DISS coordinates ON,,
DISS_15(8),3005,PTR-DISS-BTN-MINUS,BTN,815,1,0,1,DISS decrease map angle,,
DISS_15(8),3006,PTR-DISS-BTN-PLUS,BTN,816,1,0,1,DISS increase map angle,,
DISS_15(8),3007,PTR-DISS-BTN-N,BTN,809,1,0,1,DISS decrease path,,
DISS_15(8),3008,PTR-DISS-BTN-V,BTN,810,1,0,1,DISS increase path,,
DISS_15(8),3009,PTR-DISS-BTN-TOLE,BTN,803,1,0,1,DISS decrease deviation,,
DISS_15(8),3010,PTR-DISS-BTN-TORI,BTN,804,1,0,1,DISS increase deviation,,
DISS_15(8),3011,DRIFT-R-K-PTR,TUMB,797,-1,0,1,DISS Mode WORK/CHECK,,
DISS_15(8),3011,DRIFT-R-K-PTR,TUMB,797,1,0,1,DISS Mode WORK/CHECK,,
DISS_15(8),3012,DRIFT-S-M-PTR,TUMB,798,-1,0,1,DISS Mode LAND/SEA,,
DISS_15(8),3012,DRIFT-S-M-PTR,TUMB,798,1,0,1,DISS Mode LAND/SEA,,
DISS_15(8),3013,DISS-SELECTOR-KNOB-PTR,TUMB,826,-0.1,0,0.4,DISS select mode IDK/IDK/IDK/MEM/OPER,,
DISS_15(8),3013,DISS-SELECTOR-KNOB-PTR,TUMB,826,0.1,0,0.4,DISS select mode IDK/IDK/IDK/MEM/OPER,,
ECS_INTERFACE(29),3001,CABIN-DEPRESS-PTR,TUMB,133,-1,0,1,Cabin Unseal Switch, ON/OFF,
ECS_INTERFACE(29),3001,CABIN-DEPRESS-PTR,TUMB,133,1,0,1,Cabin Unseal Switch, ON/OFF,
ECS_INTERFACE(29),3002,AC-MODE-PTR,TUMB,134,-1,-1,1,Blowdown Conditioning Switch, CONDITIONING/OFF/BLOWDOWN,
ECS_INTERFACE(29),3002,AC-MODE-PTR,TUMB,134,1,-1,1,Blowdown Conditioning Switch, CONDITIONING/OFF/BLOWDOWN,
ECS_INTERFACE(29),3003,AC-FILTER-PTR,TUMB,143,-1,0,1,Filter Switch, ON/OFF,
ECS_INTERFACE(29),3003,AC-FILTER-PTR,TUMB,143,1,0,1,Filter Switch, ON/OFF,
ECS_INTERFACE(29),3004,AC-HEATER1-MODE-PTR,TUMB,144,-1,0,1,Heating Switch, HOT/NORMAL,
ECS_INTERFACE(29),3004,AC-HEATER1-MODE-PTR,TUMB,144,1,0,1,Heating Switch, HOT/NORMAL,
ECS_INTERFACE(29),3005,AC-HEATER2-MODE-PTR,TUMB,145,-0.1,0,0.3,Automatic Hot Cold Switch, OFF/COLD/HOT/AUTO,
ECS_INTERFACE(29),3005,AC-HEATER2-MODE-PTR,TUMB,145,0.1,0,0.3,Automatic Hot Cold Switch, OFF/COLD/HOT/AUTO,
ECS_INTERFACE(29),3006,AC-TEMP-KNOB-PTR,TUMB,146,-0.111111111,0,1.111111111,Temperature Selector, 5/10/15/18/20/22/24/30/35/40/50,
ECS_INTERFACE(29),3006,AC-TEMP-KNOB-PTR,TUMB,146,0.111111111,0,1.111111111,Temperature Selector, 5/10/15/18/20/22/24/30/35/40/50,
ECS_INTERFACE(29),3007,WEAP-MISSILES-SIGHT-FAN-OP-PTR,TUMB,774,-1,0,1,Sight Fan, ON/OFF,
ECS_INTERFACE(29),3007,WEAP-MISSILES-SIGHT-FAN-OP-PTR,TUMB,774,1,0,1,Sight Fan, ON/OFF,
ECS_INTERFACE(29),3008,CABIN-PRESS-VALVE-PTR,LEV,516,0,0,1,Sealing, OPEN/CLOSE,
ELEC_INTERFACE(1),3001,GROUND-AC-PTR,TUMB,87,-1,0,1,AC Ground Power, ON/OFF,
ELEC_INTERFACE(1),3001,GROUND-AC-PTR,TUMB,87,1,0,1,AC Ground Power, ON/OFF,
ELEC_INTERFACE(1),3004,GEN-LEFT-PTR,TUMB,101,-1,0,1,Left Generator switch, ON/OFF,
ELEC_INTERFACE(1),3004,GEN-LEFT-PTR,TUMB,101,1,0,1,Left Generator switch, ON/OFF,
ELEC_INTERFACE(1),3007,GEN-RIGHT-PTR,TUMB,80,-1,0,1,Right Generator switch, ON/OFF,
ELEC_INTERFACE(1),3007,GEN-RIGHT-PTR,TUMB,80,1,0,1,Right Generator switch, ON/OFF,
ELEC_INTERFACE(1),3010,TRANS115-PTR,TUMB,83,-1,-1,1,AC Transformer 115v, MAIN/AUTO/BACKUP,
ELEC_INTERFACE(1),3010,TRANS115-PTR,TUMB,83,1,-1,1,AC Transformer 115v, MAIN/AUTO/BACKUP,
ELEC_INTERFACE(1),3013,TRANS36-PTR,TUMB,85,-1,-1,1,AC Transformer 36v, MAIN/AUTO/BACKUP,
ELEC_INTERFACE(1),3013,TRANS36-PTR,TUMB,85,1,-1,1,AC Transformer 36v, MAIN/AUTO/BACKUP,
ELEC_INTERFACE(1),3016,GROUND-RECT-PTR,TUMB,89,-1,0,1,AC Ground Check, ON/OFF,
ELEC_INTERFACE(1),3016,GROUND-RECT-PTR,TUMB,89,1,0,1,AC Ground Check, ON/OFF,
ELEC_INTERFACE(1),3019,INV115-PTR,TUMB,98,-1,0,1,Inverter PO-750A, ON/OFF,
ELEC_INTERFACE(1),3019,INV115-PTR,TUMB,98,1,0,1,Inverter PO-750A, ON/OFF,
ELEC_INTERFACE(1),3022,INV36-PTR,TUMB,100,-1,0,1,Inverter PT-125Ts, ON/OFF,
ELEC_INTERFACE(1),3022,INV36-PTR,TUMB,100,1,0,1,Inverter PT-125Ts, ON/OFF,
ELEC_INTERFACE(1),3025,VOLT-AC-KNOB-PTR,TUMB,91,-0.1,0,1,AC Voltmeter knob,,
ELEC_INTERFACE(1),3025,VOLT-AC-KNOB-PTR,TUMB,91,0.1,0,1,AC Voltmeter knob,,
ELEC_INTERFACE(1),3028,TRANS-DIM-PTR,TUMB,196,-1,0,1,DIM Transformer switch, MAIN/BACKUP,
ELEC_INTERFACE(1),3028,TRANS-DIM-PTR,TUMB,196,1,0,1,DIM Transformer switch, MAIN/BACKUP,
ELEC_INTERFACE(1),3031,GROUND-DC-PTR,TUMB,73,-1,0,1,DC Ground Power, ON/OFF,
ELEC_INTERFACE(1),3031,GROUND-DC-PTR,TUMB,73,1,0,1,DC Ground Power, ON/OFF,
ELEC_INTERFACE(1),3034,BATT-LEFT-PTR,TUMB,75,-1,0,1,Left Battery switch, ON/OFF,
ELEC_INTERFACE(1),3034,BATT-LEFT-PTR,TUMB,75,1,0,1,Left Battery switch, ON/OFF,
ELEC_INTERFACE(1),3037,BATT-RIGHT-PTR,TUMB,61,-1,0,1,Right Battery switch, ON/OFF,
ELEC_INTERFACE(1),3037,BATT-RIGHT-PTR,TUMB,61,1,0,1,Right Battery switch, ON/OFF,
ELEC_INTERFACE(1),3040,RECT-LEFT-PTR,TUMB,62,-1,0,1,Left Rectifier switch, ON/OFF,
ELEC_INTERFACE(1),3040,RECT-LEFT-PTR,TUMB,62,1,0,1,Left Rectifier switch, ON/OFF,
ELEC_INTERFACE(1),3043,RECT-RIGHT-PTR,TUMB,65,-1,0,1,Right Rectifier switch, ON/OFF,
ELEC_INTERFACE(1),3043,RECT-RIGHT-PTR,TUMB,65,1,0,1,Right Rectifier switch, ON/OFF,
ELEC_INTERFACE(1),3046,STARTER-GEN-PTR,TUMB,66,-1,0,1,APU Generator switch, ON/OFF,
ELEC_INTERFACE(1),3046,STARTER-GEN-PTR,TUMB,66,1,0,1,APU Generator switch, ON/OFF,
ELEC_INTERFACE(1),3049,BATT-HEATING-PTR,TUMB,74,-1,0,1,Battery Heating, ON/OFF,
ELEC_INTERFACE(1),3049,BATT-HEATING-PTR,TUMB,74,1,0,1,Battery Heating, ON/OFF,
ELEC_INTERFACE(1),3052,NET-TO-BATT-PTR,TUMB,71,-1,0,1,Network to Batteries, ON/OFF,
ELEC_INTERFACE(1),3052,NET-TO-BATT-PTR,TUMB,71,1,0,1,Network to Batteries, ON/OFF,
ELEC_INTERFACE(1),3055,VOLT-DC-KNOB-PTR,TUMB,69,-0.111111111,0,1,DC Voltmeter knob,,
ELEC_INTERFACE(1),3055,VOLT-DC-KNOB-PTR,TUMB,69,0.111111111,0,1,DC Voltmeter knob,,
ELEC_INTERFACE(1),3058,GROUND-RECT-COVER-PTR,TUMB,88,-1,0,1,AC Ground Check Cover, UP/DOWN,
ELEC_INTERFACE(1),3058,GROUND-RECT-COVER-PTR,TUMB,88,1,0,1,AC Ground Check Cover, UP/DOWN,
ELEC_INTERFACE(1),3061,INV115-COVER-PTR,TUMB,97,-1,0,1,Inverter PO-750A Cover, UP/DOWN,
ELEC_INTERFACE(1),3061,INV115-COVER-PTR,TUMB,97,1,0,1,Inverter PO-750A Cover, UP/DOWN,
ELEC_INTERFACE(1),3064,INV36-COVER-PTR,TUMB,99,-1,0,1,Inverter PT-125Ts Cover, UP/DOWN,
ELEC_INTERFACE(1),3064,INV36-COVER-PTR,TUMB,99,1,0,1,Inverter PT-125Ts Cover, UP/DOWN,
ELEC_INTERFACE(1),3067,NET-TO-BATT-COVER-PTR,TUMB,70,-1,0,1,Network to Batteries cover, UP/DOWN,
ELEC_INTERFACE(1),3067,NET-TO-BATT-COVER-PTR,TUMB,70,1,0,1,Network to Batteries cover, UP/DOWN,
ELEC_INTERFACE(1),3070,CB-FRAME-LEFT-1-PTR,BTN,601,1,0,1,All Left CBs ON,,
ELEC_INTERFACE(1),3072,CB-FRAME-RIGHT-1-PTR,BTN,632,1,0,1,All Right CBs ON,,
ELEC_INTERFACE(1),3074,CB-RIGHT-CONTROL-FORCE-MECHANISM-PTR,TUMB,602,-1,0,1,CB Control Force Grad, ON/OFF,
ELEC_INTERFACE(1),3074,CB-RIGHT-CONTROL-FORCE-MECHANISM-PTR,TUMB,602,1,0,1,CB Control Force Grad, ON/OFF,
ELEC_INTERFACE(1),3075,CB-RIGHT-CONTROL-CLUTCH-PTR,TUMB,603,-1,0,1,CB Collective Lever Lock, ON/OFF,
ELEC_INTERFACE(1),3075,CB-RIGHT-CONTROL-CLUTCH-PTR,TUMB,603,1,0,1,CB Collective Lever Lock, ON/OFF,
ELEC_INTERFACE(1),3076,CB-RIGHT-ENGINE-TEMP-ADJUST-LEFT-PTR,TUMB,604,-1,0,1,CB Temperature Control Left Governor RPM, ON/OFF,
ELEC_INTERFACE(1),3076,CB-RIGHT-ENGINE-TEMP-ADJUST-LEFT-PTR,TUMB,604,1,0,1,CB Temperature Control Left Governor RPM, ON/OFF,
ELEC_INTERFACE(1),3077,CB-RIGHT-ENGINE-TEMP-ADJUST-RIGHT-PTR,TUMB,605,-1,0,1,CB Temperature Control Right Governor RPM, ON/OFF,
ELEC_INTERFACE(1),3077,CB-RIGHT-ENGINE-TEMP-ADJUST-RIGHT-PTR,TUMB,605,1,0,1,CB Temperature Control Right Governor RPM, ON/OFF,
ELEC_INTERFACE(1),3078,CB-RIGHT-ROTOR-RPM-ADJUST-PTR,TUMB,606,-1,0,1,CB Rotor RPM Adjust, ON/OFF,
ELEC_INTERFACE(1),3078,CB-RIGHT-ROTOR-RPM-ADJUST-PTR,TUMB,606,1,0,1,CB Rotor RPM Adjust, ON/OFF,
ELEC_INTERFACE(1),3079,CB-RIGHT-ARMAMENT-SIGNAL-PTR,TUMB,607,-1,0,1,CB Signal, ON/OFF,
ELEC_INTERFACE(1),3079,CB-RIGHT-ARMAMENT-SIGNAL-PTR,TUMB,607,1,0,1,CB Signal, ON/OFF,
ELEC_INTERFACE(1),3080,CB-RIGHT-ARMAMENT-CAMERA-SHUTTER-PTR,TUMB,608,-1,0,1,CB Camera, ON/OFF,
ELEC_INTERFACE(1),3080,CB-RIGHT-ARMAMENT-CAMERA-SHUTTER-PTR,TUMB,608,1,0,1,CB Camera, ON/OFF,
ELEC_INTERFACE(1),3081,CB-RIGHT-ARMAMENT-CONTROL-PTR,TUMB,609,-1,0,1,CB Armament Control, ON/OFF,
ELEC_INTERFACE(1),3081,CB-RIGHT-ARMAMENT-CONTROL-PTR,TUMB,609,1,0,1,CB Armament Control, ON/OFF,
ELEC_INTERFACE(1),3082,CB-RIGHT-ARMAMENT-CANNON-PTR,TUMB,610,-1,0,1,CB Cannon, ON/OFF,
ELEC_INTERFACE(1),3082,CB-RIGHT-ARMAMENT-CANNON-PTR,TUMB,610,1,0,1,CB Cannon, ON/OFF,
ELEC_INTERFACE(1),3083,CB-RIGHT-FIRE-2-AUTO-PTR,TUMB,611,-1,0,1,CB Squib-2 Auto Fire Protection, ON/OFF,
ELEC_INTERFACE(1),3083,CB-RIGHT-FIRE-2-AUTO-PTR,TUMB,611,1,0,1,CB Squib-2 Auto Fire Protection, ON/OFF,
ELEC_INTERFACE(1),3084,CB-RIGHT-FIRE-2-MANUAL-PTR,TUMB,612,-1,0,1,CB Squib-2 Manual Fire Protection, ON/OFF,
ELEC_INTERFACE(1),3084,CB-RIGHT-FIRE-2-MANUAL-PTR,TUMB,612,1,0,1,CB Squib-2 Manual Fire Protection, ON/OFF,
ELEC_INTERFACE(1),3085,CB-RIGHT-EXT-STORES-TACTICAL-DROP-PTR,TUMB,613,-1,0,1,CB External Stores Tactical Release, ON/OFF,
ELEC_INTERFACE(1),3085,CB-RIGHT-EXT-STORES-TACTICAL-DROP-PTR,TUMB,613,1,0,1,CB External Stores Tactical Release, ON/OFF,
ELEC_INTERFACE(1),3086,CB-RIGHT-EXT-STORES-LOCK-RELEASE-PTR,TUMB,614,-1,0,1,CB External Stores Release Lock, ON/OFF,
ELEC_INTERFACE(1),3086,CB-RIGHT-EXT-STORES-LOCK-RELEASE-PTR,TUMB,614,1,0,1,CB External Stores Release Lock, ON/OFF,
ELEC_INTERFACE(1),3087,CB-RIGHT-GEAR-EXTENT-HANDLE-BACKUP-PTR,TUMB,615,-1,0,1,CB Landing Gear Valve, ON/OFF,
ELEC_INTERFACE(1),3087,CB-RIGHT-GEAR-EXTENT-HANDLE-BACKUP-PTR,TUMB,615,1,0,1,CB Landing Gear Valve, ON/OFF,
ELEC_INTERFACE(1),3088,CB-RIGHT-LAUNCHER-DETACH-PTR,TUMB,616,-1,0,1,CB Jettison Missile Rails, ON/OFF,
ELEC_INTERFACE(1),3088,CB-RIGHT-LAUNCHER-DETACH-PTR,TUMB,616,1,0,1,CB Jettison Missile Rails, ON/OFF,
ELEC_INTERFACE(1),3089,CB-RIGHT-BOMB-COMBAT-DROP-PTR,TUMB,617,-1,0,1,CB Bombs Release, ON/OFF,
ELEC_INTERFACE(1),3089,CB-RIGHT-BOMB-COMBAT-DROP-PTR,TUMB,617,1,0,1,CB Bombs Release, ON/OFF,
ELEC_INTERFACE(1),3090,CB-RIGHT-CONNECTION-DISTRIBUTION-DEVICE-PTR,TUMB,618,-1,0,1,CB Connection Distribution Device, ON/OFF,
ELEC_INTERFACE(1),3090,CB-RIGHT-CONNECTION-DISTRIBUTION-DEVICE-PTR,TUMB,618,1,0,1,CB Connection Distribution Device, ON/OFF,
ELEC_INTERFACE(1),3091,CB-RIGHT-PILOT-AIM-PTR,TUMB,619,-1,0,1,PILOT SIGHT CB, ON/OFF,
ELEC_INTERFACE(1),3091,CB-RIGHT-PILOT-AIM-PTR,TUMB,619,1,0,1,PILOT SIGHT CB, ON/OFF,
ELEC_INTERFACE(1),3092,CB-RIGHT-DUAS-V-HEATING-PTR,TUMB,620,-1,0,1,CB Air Data Computer Heating, ON/OFF,
ELEC_INTERFACE(1),3092,CB-RIGHT-DUAS-V-HEATING-PTR,TUMB,620,1,0,1,CB Air Data Computer Heating, ON/OFF,
ELEC_INTERFACE(1),3093,CB-RIGHT-EMERGENCY-DOOR-DETACH-PILOT-PTR,TUMB,621,-1,0,1,CB Jettison Pilot´s Door, ON/OFF,
ELEC_INTERFACE(1),3093,CB-RIGHT-EMERGENCY-DOOR-DETACH-PILOT-PTR,TUMB,621,1,0,1,CB Jettison Pilot´s Door, ON/OFF,
ELEC_INTERFACE(1),3094,CB-RIGHT-EMERGENCY-DOOR-DETACH-OP-PTR,TUMB,622,-1,0,1,CB Jettision Gunners Door, ON/OFF,
ELEC_INTERFACE(1),3094,CB-RIGHT-EMERGENCY-DOOR-DETACH-OP-PTR,TUMB,622,1,0,1,CB Jettision Gunners Door, ON/OFF,
ELEC_INTERFACE(1),3095,CB-RIGHT-CONDITIONER-CONTROL-PTR,TUMB,623,-1,0,1,CB Air Conditioning, ON/OFF,
ELEC_INTERFACE(1),3095,CB-RIGHT-CONDITIONER-CONTROL-PTR,TUMB,623,1,0,1,CB Air Conditioning, ON/OFF,
ELEC_INTERFACE(1),3096,CB-RIGHT-FUEL-METER-PTR,TUMB,624,-1,0,1,CB Fuel Quantity Indication, ON/OFF,
ELEC_INTERFACE(1),3096,CB-RIGHT-FUEL-METER-PTR,TUMB,624,1,0,1,CB Fuel Quantity Indication, ON/OFF,
ELEC_INTERFACE(1),3097,CB-RIGHT-VALVE-TANK-2-PTR,TUMB,625,-1,0,1,CB Fuel Tank 2 Valve, ON/OFF,
ELEC_INTERFACE(1),3097,CB-RIGHT-VALVE-TANK-2-PTR,TUMB,625,1,0,1,CB Fuel Tank 2 Valve, ON/OFF,
ELEC_INTERFACE(1),3098,CB-RIGHT-VALVE-FIRE-RIGHT-PTR,TUMB,626,-1,0,1,CB Fuel Tank 2 Shutoff Valve, ON/OFF,
ELEC_INTERFACE(1),3098,CB-RIGHT-VALVE-FIRE-RIGHT-PTR,TUMB,626,1,0,1,CB Fuel Tank 2 Shutoff Valve, ON/OFF,
ELEC_INTERFACE(1),3099,CB-RIGHT-PUMP-TANK-2-PTR,TUMB,627,-1,0,1,CB Fuel Pump 2, ON/OFF,
ELEC_INTERFACE(1),3099,CB-RIGHT-PUMP-TANK-2-PTR,TUMB,627,1,0,1,CB Fuel Pump 2, ON/OFF,
ELEC_INTERFACE(1),3100,CB-RIGHT-PUMP-TANK-4-PTR,TUMB,628,-1,0,1,CB Fuel Pump 4, ON/OFF,
ELEC_INTERFACE(1),3100,CB-RIGHT-PUMP-TANK-4-PTR,TUMB,628,1,0,1,CB Fuel Pump 4, ON/OFF,
ELEC_INTERFACE(1),3101,CB-RIGHT-PILOT-SEAT-MECHANISM-PTR,TUMB,629,-1,0,1,CB Pilot Seat Adjustment, ON/OFF,
ELEC_INTERFACE(1),3101,CB-RIGHT-PILOT-SEAT-MECHANISM-PTR,TUMB,629,1,0,1,CB Pilot Seat Adjustment, ON/OFF,
ELEC_INTERFACE(1),3102,CB-RIGHT-ANTIICE-ALARM-PTR,TUMB,630,-1,0,1,CB Anti-Ice System - Warning, ON/OFF,
ELEC_INTERFACE(1),3102,CB-RIGHT-ANTIICE-ALARM-PTR,TUMB,630,1,0,1,CB Anti-Ice System - Warning, ON/OFF,
ELEC_INTERFACE(1),3103,CB-RIGHT-ANTIICE-CONTROL-PTR,TUMB,631,-1,0,1,CB Anti-Ice System - Control, ON/OFF,
ELEC_INTERFACE(1),3103,CB-RIGHT-ANTIICE-CONTROL-PTR,TUMB,631,1,0,1,CB Anti-Ice System - Control, ON/OFF,
ELEC_INTERFACE(1),3104,CB-LEFT-MISSILE-POWER-PTR,TUMB,572,-1,0,1,CB Missile Power, ON/OFF,
ELEC_INTERFACE(1),3104,CB-LEFT-MISSILE-POWER-PTR,TUMB,572,1,0,1,CB Missile Power, ON/OFF,
ELEC_INTERFACE(1),3105,CB-LEFT-BOMB-EMERGENCY-DETACH-PTR,TUMB,573,-1,0,1,CB Emergency Jettison, ON/OFF,
ELEC_INTERFACE(1),3105,CB-LEFT-BOMB-EMERGENCY-DETACH-PTR,TUMB,573,1,0,1,CB Emergency Jettison, ON/OFF,
ELEC_INTERFACE(1),3106,CB-LEFT-BOMB-EXPLOSION-PTR,TUMB,574,-1,0,1,CB Bombs, ON/OFF,
ELEC_INTERFACE(1),3106,CB-LEFT-BOMB-EXPLOSION-PTR,TUMB,574,1,0,1,CB Bombs, ON/OFF,
ELEC_INTERFACE(1),3107,CB-LEFT-ROCKETS-PTR,TUMB,575,-1,0,1,CB Rockets, ON/OFF,
ELEC_INTERFACE(1),3107,CB-LEFT-ROCKETS-PTR,TUMB,575,1,0,1,CB Rockets, ON/OFF,
ELEC_INTERFACE(1),3108,CB-LEFT-RADIOCOMPASS-HF-PTR,TUMB,576,-1,0,1,CB ADF, ON/OFF,
ELEC_INTERFACE(1),3108,CB-LEFT-RADIOCOMPASS-HF-PTR,TUMB,576,1,0,1,CB ADF, ON/OFF,
ELEC_INTERFACE(1),3109,CB-LEFT-PUMP-TANK-1-PTR,TUMB,577,-1,0,1,CB Fuel Shutoff Valve, ON/OFF,
ELEC_INTERFACE(1),3109,CB-LEFT-PUMP-TANK-1-PTR,TUMB,577,1,0,1,CB Fuel Shutoff Valve, ON/OFF,
ELEC_INTERFACE(1),3110,CB-LEFT-PUMP-TANK-5-PTR,TUMB,578,-1,0,1,CB Cross Feed Valve, ON/OFF,
ELEC_INTERFACE(1),3110,CB-LEFT-PUMP-TANK-5-PTR,TUMB,578,1,0,1,CB Cross Feed Valve, ON/OFF,
ELEC_INTERFACE(1),3111,CB-LEFT-VALVE-TANK-1-PTR,TUMB,579,-1,0,1,CB Tank 1 Valve, ON/OFF,
ELEC_INTERFACE(1),3111,CB-LEFT-VALVE-TANK-1-PTR,TUMB,579,1,0,1,CB Tank 1 Valve, ON/OFF,
ELEC_INTERFACE(1),3112,CB-LEFT-VALVE-FIRE-LEFT-PTR,TUMB,580,-1,0,1,CB Left Tank Fire Warning, ON/OFF,
ELEC_INTERFACE(1),3112,CB-LEFT-VALVE-FIRE-LEFT-PTR,TUMB,580,1,0,1,CB Left Tank Fire Warning, ON/OFF,
ELEC_INTERFACE(1),3113,CB-LEFT-VALVE-SEPARATION-PTR,TUMB,581,-1,0,1,CB Left Valve Separation, ON/OFF,
ELEC_INTERFACE(1),3113,CB-LEFT-VALVE-SEPARATION-PTR,TUMB,581,1,0,1,CB Left Valve Separation, ON/OFF,
ELEC_INTERFACE(1),3114,CB-LEFT-GLASS-SPRINKLER-PTR,TUMB,582,-1,0,1,CB Windshield Spray, ON/OFF,
ELEC_INTERFACE(1),3114,CB-LEFT-GLASS-SPRINKLER-PTR,TUMB,582,1,0,1,CB Windshield Spray, ON/OFF,
ELEC_INTERFACE(1),3115,CB-LEFT-GLASS-WIPER-OP-PTR,TUMB,583,-1,0,1,CB Windshield Wiper Gunner, ON/OFF,
ELEC_INTERFACE(1),3115,CB-LEFT-GLASS-WIPER-OP-PTR,TUMB,583,1,0,1,CB Windshield Wiper Gunner, ON/OFF,
ELEC_INTERFACE(1),3116,CB-LEFT-GLASS-WIPER-PILOT-PTR,TUMB,584,-1,0,1,CB Windshield Wiper Pilot, ON/OFF,
ELEC_INTERFACE(1),3116,CB-LEFT-GLASS-WIPER-PILOT-PTR,TUMB,584,1,0,1,CB Windshield Wiper Pilot, ON/OFF,
ELEC_INTERFACE(1),3117,CB-LEFT-SPEECH-INFORMER-PTR,TUMB,585,-1,0,1,CB Audio Warning System, ON/OFF,
ELEC_INTERFACE(1),3117,CB-LEFT-SPEECH-INFORMER-PTR,TUMB,585,1,0,1,CB Audio Warning System, ON/OFF,
ELEC_INTERFACE(1),3118,CB-LEFT-RECORDER-PARAMS-PTR,TUMB,586,-1,0,1,CB Flight Recorder, ON/OFF,
ELEC_INTERFACE(1),3118,CB-LEFT-RECORDER-PARAMS-PTR,TUMB,586,1,0,1,CB Flight Recorder, ON/OFF,
ELEC_INTERFACE(1),3119,CB-LEFT-FIRE-1-AUTO-PTR,TUMB,587,-1,0,1,CB Fire Protection System - Auto, ON/OFF,
ELEC_INTERFACE(1),3119,CB-LEFT-FIRE-1-AUTO-PTR,TUMB,587,1,0,1,CB Fire Protection System - Auto, ON/OFF,
ELEC_INTERFACE(1),3120,CB-LEFT-FIRE-1-MANUAL-PTR,TUMB,588,-1,0,1,CB Fire Protection System - Manual, ON/OFF,
ELEC_INTERFACE(1),3120,CB-LEFT-FIRE-1-MANUAL-PTR,TUMB,588,1,0,1,CB Fire Protection System - Manual, ON/OFF,
ELEC_INTERFACE(1),3121,CB-LEFT-FIRE-ALARM-PTR,TUMB,589,-1,0,1,CB Fire Protection System Warning, ON/OFF,
ELEC_INTERFACE(1),3121,CB-LEFT-FIRE-ALARM-PTR,TUMB,589,1,0,1,CB Fire Protection System Warning, ON/OFF,
ELEC_INTERFACE(1),3122,CB-LEFT-EXT-CARGO-EMERGENCY-DROP-PTR,TUMB,590,-1,0,1,CB External Cargo Emergency Jettison, ON/OFF,
ELEC_INTERFACE(1),3122,CB-LEFT-EXT-CARGO-EMERGENCY-DROP-PTR,TUMB,590,1,0,1,CB External Cargo Emergency Jettison, ON/OFF,
ELEC_INTERFACE(1),3123,CB-LEFT-GEAR-EXTENT-HANDLE-PTR,TUMB,591,-1,0,1,CB Landing Gear Extend / Retract, ON/OFF,
ELEC_INTERFACE(1),3123,CB-LEFT-GEAR-EXTENT-HANDLE-PTR,TUMB,591,1,0,1,CB Landing Gear Extend / Retract, ON/OFF,
ELEC_INTERFACE(1),3124,CB-LEFT-GEAR-ALARM-PTR,TUMB,592,-1,0,1,CB Landing Gear Warning, ON/OFF,
ELEC_INTERFACE(1),3124,CB-LEFT-GEAR-ALARM-PTR,TUMB,592,1,0,1,CB Landing Gear Warning, ON/OFF,
ELEC_INTERFACE(1),3125,CB-LEFT-PT125TS-PTR,TUMB,593,-1,0,1,CB Inverter, ON/OFF,
ELEC_INTERFACE(1),3125,CB-LEFT-PT125TS-PTR,TUMB,593,1,0,1,CB Inverter, ON/OFF,
ELEC_INTERFACE(1),3126,CB-LEFT-AIRSPEED-SENSOR-PTR,TUMB,594,-1,0,1,CB Air Speed Sensor, ON/OFF,
ELEC_INTERFACE(1),3126,CB-LEFT-AIRSPEED-SENSOR-PTR,TUMB,594,1,0,1,CB Air Speed Sensor, ON/OFF,
ELEC_INTERFACE(1),3127,CB-LEFT-AUTOPILOT-ALARM-PTR,TUMB,595,-1,0,1,CB AFCS Warn, ON/OFF,
ELEC_INTERFACE(1),3127,CB-LEFT-AUTOPILOT-ALARM-PTR,TUMB,595,1,0,1,CB AFCS Warn, ON/OFF,
ELEC_INTERFACE(1),3128,CB-LEFT-STARTUP-BLOCK-PTR,TUMB,596,-1,0,1,CB Auto Start System, ON/OFF,
ELEC_INTERFACE(1),3128,CB-LEFT-STARTUP-BLOCK-PTR,TUMB,596,1,0,1,CB Auto Start System, ON/OFF,
ELEC_INTERFACE(1),3129,CB-LEFT-STARTUP-IGNITION-PTR,TUMB,597,-1,0,1,CB Igniter, ON/OFF,
ELEC_INTERFACE(1),3129,CB-LEFT-STARTUP-IGNITION-PTR,TUMB,597,1,0,1,CB Igniter, ON/OFF,
ELEC_INTERFACE(1),3130,CB-LEFT-BEACON-PTR,TUMB,598,-1,0,1,CB Beacon Light, ON/OFF,
ELEC_INTERFACE(1),3130,CB-LEFT-BEACON-PTR,TUMB,598,1,0,1,CB Beacon Light, ON/OFF,
ELEC_INTERFACE(1),3131,CB-LEFT-HEADLIGHT-CONTROL-PTR,TUMB,599,-1,0,1,CB Landing Light Control, ON/OFF,
ELEC_INTERFACE(1),3131,CB-LEFT-HEADLIGHT-CONTROL-PTR,TUMB,599,1,0,1,CB Landing Light Control, ON/OFF,
ELEC_INTERFACE(1),3132,CB-LEFT-PILOTING-DEVICE-PTR,TUMB,600,-1,0,1,CB Main Attitude Indicator, ON/OFF,
ELEC_INTERFACE(1),3132,CB-LEFT-PILOTING-DEVICE-PTR,TUMB,600,1,0,1,CB Main Attitude Indicator, ON/OFF,
ENGINE_INTERFACE(3),3003,COLLECTIVE-CORR-PTR,LEV,0,0,-1,1,Collective (LMB press, hold and move) / Throttle (RMB press, hold and move)
ENGINE_INTERFACE(3),3004,COLLECTIVE-CORR-PTR,LEV,0,0,-1,1,Collective (LMB press, hold and move) / Throttle (RMB press, hold and move)
ENGINE_INTERFACE(3),3006,RRUD-LEFT-PTR,LEV,5,0,0,1,Left Engine Throttle,,
ENGINE_INTERFACE(3),3008,RRUD-RIGHT-PTR,LEV,4,0,0,1,Right Engine Throttle,,
ENGINE_INTERFACE(3),3009,ENG-BRAKE-LEFT-PTR,TUMB,6,0,0,1,Left Engine Stop,,
ENGINE_INTERFACE(3),3009,ENG-BRAKE-LEFT-PTR,TUMB,6,1,0,1,Left Engine Stop,,
ENGINE_INTERFACE(3),3010,ENG-BRAKE-RIGHT-PTR,TUMB,7,0,0,1,Right Engine Stop,,
ENGINE_INTERFACE(3),3010,ENG-BRAKE-RIGHT-PTR,TUMB,7,1,0,1,Right Engine Stop,,
ENGINE_INTERFACE(3),3011,ROTOR-BRAKE-PTR,TUMB,745,0,0,1,Rotor Brake,,
ENGINE_INTERFACE(3),3011,ROTOR-BRAKE-PTR,TUMB,745,1,0,1,Rotor Brake,,
ENGINE_INTERFACE(3),3012,APU-START-PTR,BTN,307,1,0,1,APU Start,,
ENGINE_INTERFACE(3),3013,APU-STOP-PTR,BTN,311,1,0,1,APU Stop,,
ENGINE_INTERFACE(3),3014,APU-FALSE-CRANK-START-PTR,TUMB,313,-1,-1,1,APU Launch Method START/CRANK/FALSE,,
ENGINE_INTERFACE(3),3014,APU-FALSE-CRANK-START-PTR,TUMB,313,1,-1,1,APU Launch Method START/CRANK/FALSE,,
ENGINE_INTERFACE(3),3015,ENG-START-PTR,BTN,314,1,0,1,Engine Start,,
ENGINE_INTERFACE(3),3016,ENG-LEFT-RIGHT-PTR,TUMB,320,-1,0,1,Engine Select RIGHT/LEFT,,
ENGINE_INTERFACE(3),3016,ENG-LEFT-RIGHT-PTR,TUMB,320,1,0,1,Engine Select RIGHT/LEFT,,
ENGINE_INTERFACE(3),3017,ENG-ABORT-PTR,BTN,318,1,0,1,Engine Interrupt Start,,
ENGINE_INTERFACE(3),3018,ENG-CRANK-START-PTR,TUMB,321,-1,0,1,Engine Launch Method START/CRANK,,
ENGINE_INTERFACE(3),3018,ENG-CRANK-START-PTR,TUMB,321,1,0,1,Engine Launch Method START/CRANK,,
ENGINE_INTERFACE(3),3019,COLLECTIVE-GOV-PTR,BTN,747,1,0,1,Readjust Free Turbine RPM, RIGHT/NEUTRAL/LEFT,
ENGINE_INTERFACE(3),3020,COLLECTIVE-GOV-PTR,BTN,747,-1,-1,0,Readjust Free Turbine RPM, RIGHT/NEUTRAL/LEFT,
ENGINE_INTERFACE(3),3021,DEDUST-OFF-PTR,TUMB,796,-1,0,1,Antidust ON/OFF,,
ENGINE_INTERFACE(3),3021,DEDUST-OFF-PTR,TUMB,796,1,0,1,Antidust ON/OFF,,
ENGINE_INTERFACE(3),3022,DEDUST-OFF-COVER-PTR,TUMB,514,-1,0,1,Antidust ON Cover, UP/DOWN,
ENGINE_INTERFACE(3),3022,DEDUST-OFF-COVER-PTR,TUMB,514,1,0,1,Antidust ON Cover, UP/DOWN,
ENGINE_INTERFACE(3),3023,ENG-TEMP-SENSOR-CONTROL-COLD-PTR,BTN,194,1,0,1,Engine Termometer control COLD,,
ENGINE_INTERFACE(3),3024,ENG-TEMP-SENSOR-CONTROL-HOT-PTR,BTN,195,1,0,1,Engine Termometer control HOT,,
ENGINE_INTERFACE(3),3090,OP-COLL-THROTTLE-PTR,LEV,0,0,-1,1,Collective (LMB press, hold and move) / Throttle (RMB press, hold and move)
ENGINE_INTERFACE(3),3091,OP-COLL-THROTTLE-PTR,LEV,0,0,-1,1,Collective (LMB press, hold and move) / Throttle (RMB press, hold and move)
EUCALYPT_M24(51),3001,EUCAL-CHANNEL-PTR,TUMB,337,-0.1,0,0.9,Eucalypt-M24 Channel Select,,
EUCALYPT_M24(51),3001,EUCAL-CHANNEL-PTR,TUMB,337,0.1,0,0.9,Eucalypt-M24 Channel Select,,
EUCALYPT_M24(51),3002,EUCAL-VOLUME-PTR,LEV,339,0,0,1,Eucalypt-M24 Volume,,
EUCALYPT_M24(51),3003,EUCAL-ASY-PTR,BTN,340,1,0,1,Eucalypt-M24 ASU,,
EUCALYPT_M24(51),3004,EUCAL-PSH-PTR,TUMB,341,-1,0,1,Eucalypt-M24 Squelch ON/OFF,,
EUCALYPT_M24(51),3004,EUCAL-PSH-PTR,TUMB,341,1,0,1,Eucalypt-M24 Squelch ON/OFF,,
EUCALYPT_M24(51),3005,R828-ON-OFF-PTR,TUMB,373,-1,0,1,Eucalypt-M24 ON/OFF,,
EUCALYPT_M24(51),3005,R828-ON-OFF-PTR,TUMB,373,1,0,1,Eucalypt-M24 ON/OFF,,
EXT_CARGO_EQUIPMENT(61),3001,COLLECTIVE-CARGO-TACT-PTR,BTN,752,1,0,1,Tactical Cargo Release Button - Push to release,,
EXT_CARGO_EQUIPMENT(61),3002,COLLECTIVE-CARGO-TACT-COVER-PTR,TUMB,751,-1,0,1,Tactical Cargo Release Button Cover, OPEN/CLOSE,
EXT_CARGO_EQUIPMENT(61),3002,COLLECTIVE-CARGO-TACT-COVER-PTR,TUMB,751,1,0,1,Tactical Cargo Release Button Cover, OPEN/CLOSE,
EXT_CARGO_EQUIPMENT(61),3004,COLLECTIVE-CARGO-EMER-COVER-PTR,TUMB,748,-1,0,1,Emergency Cargo Release Button Cover, OPEN/CLOSE,
EXT_CARGO_EQUIPMENT(61),3004,COLLECTIVE-CARGO-EMER-COVER-PTR,TUMB,748,1,0,1,Emergency Cargo Release Button Cover, OPEN/CLOSE,
EXT_CARGO_EQUIPMENT(61),3005,OP-COLL-CARGO-DROP-PTR,BTN,863,1,0,1,Emergency Cargo Release Button - Push to release,,
EXT_CARGO_EQUIPMENT(61),3006,OP-COLL-CARGO-DROP-COVER-PTR,TUMB,862,-1,0,1,Emergency Cargo Release Button Cover, OPEN/CLOSE,
EXT_CARGO_EQUIPMENT(61),3006,OP-COLL-CARGO-DROP-COVER-PTR,TUMB,862,1,0,1,Emergency Cargo Release Button Cover, OPEN/CLOSE,
EXT_CARGO_EQUIPMENT(61),3007,EXTCARGO-AUTOLOCK-PTR,TUMB,199,-1,0,1,External Cargo Automatic Dropping, ON/OFF,
EXT_CARGO_EQUIPMENT(61),3007,EXTCARGO-AUTOLOCK-PTR,TUMB,199,1,0,1,External Cargo Automatic Dropping, ON/OFF,
EXT_CARGO_EQUIPMENT(61),3008,EXTCARGO-EXT-RETR-PTR,TUMB,198,-1,0,1,External Cargo Remove Release, ON/OFF,
EXT_CARGO_EQUIPMENT(61),3008,EXTCARGO-EXT-RETR-PTR,TUMB,198,1,0,1,External Cargo Remove Release, ON/OFF,
EXT_LIGHTS_SYSTEM(15),3001,TAXILIGHT-PTR,TUMB,34,-1,0,1,Taxi LT Switch, ON/OFF,
EXT_LIGHTS_SYSTEM(15),3001,TAXILIGHT-PTR,TUMB,34,1,0,1,Taxi LT Switch, ON/OFF,
EXT_LIGHTS_SYSTEM(15),3002,TAXILIGHT-OP-PTR,TUMB,686,-1,0,1,Operator Taxi LT Switch, ON/OFF,
EXT_LIGHTS_SYSTEM(15),3002,TAXILIGHT-OP-PTR,TUMB,686,1,0,1,Operator Taxi LT Switch, ON/OFF,
EXT_LIGHTS_SYSTEM(15),3003,NAVLIGHT-BRIGHT-DIM-OFF-PTR,TUMB,207,-1,-1,1,Navigation Lights Switch, BRIGHT/OFF/DIM,
EXT_LIGHTS_SYSTEM(15),3003,NAVLIGHT-BRIGHT-DIM-OFF-PTR,TUMB,207,1,-1,1,Navigation Lights Switch, BRIGHT/OFF/DIM,
EXT_LIGHTS_SYSTEM(15),3004,CODE-NAVLIGHT-PTR,BTN,35,1,0,1,Navigation Lights Code Button,,
EXT_LIGHTS_SYSTEM(15),3005,FORMATION-LIGHTS-PTR,TUMB,414,-1,-1,1,Formation Lights Switch, BRIGHT/OFF/DIM,
EXT_LIGHTS_SYSTEM(15),3005,FORMATION-LIGHTS-PTR,TUMB,414,1,-1,1,Formation Lights Switch, BRIGHT/OFF/DIM,
EXT_LIGHTS_SYSTEM(15),3006,ROTOR-LIGHTS-PTR,TUMB,415,-1,0,1,Tip Lights Switch, ON/OFF,
EXT_LIGHTS_SYSTEM(15),3006,ROTOR-LIGHTS-PTR,TUMB,415,1,0,1,Tip Lights Switch, ON/OFF,
EXT_LIGHTS_SYSTEM(15),3007,STROBE-TAIL-PTR,TUMB,417,-1,0,1,Strobe Light Switch, ON/OFF,
EXT_LIGHTS_SYSTEM(15),3007,STROBE-TAIL-PTR,TUMB,417,1,0,1,Strobe Light Switch, ON/OFF,
EXT_LIGHTS_SYSTEM(15),3008,TAXILIGHT-RETR-PTR,TUMB,208,-1,-1,1,LND LT Control-Off-Retract switch,,
EXT_LIGHTS_SYSTEM(15),3008,TAXILIGHT-RETR-PTR,TUMB,208,1,-1,1,LND LT Control-Off-Retract switch,,
EXT_LIGHTS_SYSTEM(15),3011,CONTROL-HEADLIGHT-OP-PTR,TUMB,669,-1,0,1,LND Light Assumed Switch, ON/OFF,
EXT_LIGHTS_SYSTEM(15),3011,CONTROL-HEADLIGHT-OP-PTR,TUMB,669,1,0,1,LND Light Assumed Switch, ON/OFF,
EXT_LIGHTS_SYSTEM(15),3012,CONTROL-HEADLIGHT-OP-COVER-PTR,TUMB,668,-1,0,1,LND Light Assumed Switch Cover, OPEN/CLOSE,
EXT_LIGHTS_SYSTEM(15),3012,CONTROL-HEADLIGHT-OP-COVER-PTR,TUMB,668,1,0,1,LND Light Assumed Switch Cover, OPEN/CLOSE,
FIRE_EXTING_INTERFACE(13),3001,FIRE-1-L-ENG-PTR,BTN,502,1,0,1,Extinguish Left Engine 1,,
FIRE_EXTING_INTERFACE(13),3002,FIRE-2-L-ENG-PTR,BTN,504,1,0,1,Extinguish Left Engine 2,,
FIRE_EXTING_INTERFACE(13),3003,FIRE-1-R-ENG-PTR,BTN,498,1,0,1,Extinguish Right Engine 1,,
FIRE_EXTING_INTERFACE(13),3004,FIRE-2-R-ENG-PTR,BTN,500,1,0,1,Extinguish Right Engine 2,,
FIRE_EXTING_INTERFACE(13),3005,FIRE-1-APU-PTR,BTN,494,1,0,1,Extinguish APU 1,,
FIRE_EXTING_INTERFACE(13),3006,FIRE-2-APU-PTR,BTN,496,1,0,1,Extinguish APU 2,,
FIRE_EXTING_INTERFACE(13),3007,FIRE-1-REDUCER-PTR,BTN,490,1,0,1,Extinguish Gearbox 1,,
FIRE_EXTING_INTERFACE(13),3008,FIRE-2-REDUCER-PTR,BTN,492,1,0,1,Extinguish Gearbox 2,,
FIRE_EXTING_INTERFACE(13),3009,FIRE-ALARM-OFF-PTR,BTN,488,1,0,1,Turn Off Fire Signal Button,,
FIRE_EXTING_INTERFACE(13),3010,EXTINGUISH-CONTROL-PTR,TUMB,482,-1,0,1,Extinguisher Control Switch EXING/CNTRL,,
FIRE_EXTING_INTERFACE(13),3010,EXTINGUISH-CONTROL-PTR,TUMB,482,1,0,1,Extinguisher Control Switch EXING/CNTRL,,
FIRE_EXTING_INTERFACE(13),3011,FIRE-PYRO-CHANNEL-PTR,BTN,486,-1,-1,0,Fire Extinguisher Squib Control,,
FIRE_EXTING_INTERFACE(13),3012,FIRE-PYRO-CHANNEL-PTR,BTN,486,1,0,1,Fire Extinguisher Squib Control,,
FIRE_EXTING_INTERFACE(13),3013,FIRE-SENSOR-CHANNEL-PTR1,TUMB,484,-0.1,0,0.3,Fire Extinguisher Sensor Cnannel OFF/1/2/3,,
FIRE_EXTING_INTERFACE(13),3013,FIRE-SENSOR-CHANNEL-PTR1,TUMB,484,0.1,0,0.3,Fire Extinguisher Sensor Cnannel OFF/1/2/3,,
FIRE_EXTING_INTERFACE(13),3014,FIRE-POWER-PTR,TUMB,487,-1,0,1,Fire Extinguisher Power ON/OFF,,
FIRE_EXTING_INTERFACE(13),3014,FIRE-POWER-PTR,TUMB,487,1,0,1,Fire Extinguisher Power ON/OFF,,
FM_PROXY(37),3001,STATIC-VALVE-PTR,TUMB,520,-1,-1,1,Static valve sensor select LEFT/BOTH/RIGHT,,
FM_PROXY(37),3001,STATIC-VALVE-PTR,TUMB,520,1,-1,1,Static valve sensor select LEFT/BOTH/RIGHT,,
FUELSYS_INTERFACE(2),3001,TANK-1-PTR,TUMB,408,-1,0,1,Tank 1 Pump, ON/OFF,
FUELSYS_INTERFACE(2),3001,TANK-1-PTR,TUMB,408,1,0,1,Tank 1 Pump, ON/OFF,
FUELSYS_INTERFACE(2),3004,TANK-2-PTR,TUMB,410,-1,0,1,Tank 2 Pump, ON/OFF,
FUELSYS_INTERFACE(2),3004,TANK-2-PTR,TUMB,410,1,0,1,Tank 2 Pump, ON/OFF,
FUELSYS_INTERFACE(2),3007,TANK-4-PTR,TUMB,404,-1,0,1,Tank 4 Pump, ON/OFF,
FUELSYS_INTERFACE(2),3007,TANK-4-PTR,TUMB,404,1,0,1,Tank 4 Pump, ON/OFF,
FUELSYS_INTERFACE(2),3010,TANK-5-PTR,TUMB,406,-1,0,1,Tank 5 Pump, ON/OFF,
FUELSYS_INTERFACE(2),3010,TANK-5-PTR,TUMB,406,1,0,1,Tank 5 Pump, ON/OFF,
FUELSYS_INTERFACE(2),3013,EXT-TANKS-PTR,TUMB,411,-1,0,1,External Tanks, OPEN/CLOSE,
FUELSYS_INTERFACE(2),3013,EXT-TANKS-PTR,TUMB,411,1,0,1,External Tanks, OPEN/CLOSE,
FUELSYS_INTERFACE(2),3016,FIRE-VALVE-LEFT-PTR,TUMB,397,-1,0,1,Left Engine Fire Valve, OPEN/CLOSE,
FUELSYS_INTERFACE(2),3016,FIRE-VALVE-LEFT-PTR,TUMB,397,1,0,1,Left Engine Fire Valve, OPEN/CLOSE,
FUELSYS_INTERFACE(2),3019,FIRE-VALVE-LEFT-COVER-PTR,TUMB,396,-1,0,1,Left Engine Fire Valve Cover, UP/DOWN,
FUELSYS_INTERFACE(2),3019,FIRE-VALVE-LEFT-COVER-PTR,TUMB,396,1,0,1,Left Engine Fire Valve Cover, UP/DOWN,
FUELSYS_INTERFACE(2),3022,FIRE-VALVE-RIGHT-PTR,TUMB,400,-1,0,1,Right Engine Fire Valve, OPEN/CLOSE,
FUELSYS_INTERFACE(2),3022,FIRE-VALVE-RIGHT-PTR,TUMB,400,1,0,1,Right Engine Fire Valve, OPEN/CLOSE,
FUELSYS_INTERFACE(2),3025,FIRE-VALVE-RIGHT-COVER-PTR,TUMB,399,-1,0,1,Right Engine Fire Valve Cover, UP/DOWN,
FUELSYS_INTERFACE(2),3025,FIRE-VALVE-RIGHT-COVER-PTR,TUMB,399,1,0,1,Right Engine Fire Valve Cover, UP/DOWN,
FUELSYS_INTERFACE(2),3028,FUEL-DELIM-PTR,TUMB,402,-1,0,1,Fuel Delimiter Valve, OPEN/CLOSE,
FUELSYS_INTERFACE(2),3028,FUEL-DELIM-PTR,TUMB,402,1,0,1,Fuel Delimiter Valve, OPEN/CLOSE,
FUELSYS_INTERFACE(2),3031,FEED-TANK-1-PTR,TUMB,392,-1,0,1,Feed Tank 1 Valve Switch, OPEN/CLOSE,
FUELSYS_INTERFACE(2),3031,FEED-TANK-1-PTR,TUMB,392,1,0,1,Feed Tank 1 Valve Switch, OPEN/CLOSE,
FUELSYS_INTERFACE(2),3034,FEED-TANK-2-PTR,TUMB,394,-1,0,1,Feed Tank 2 Valve Switch, OPEN/CLOSE,
FUELSYS_INTERFACE(2),3034,FEED-TANK-2-PTR,TUMB,394,1,0,1,Feed Tank 2 Valve Switch, OPEN/CLOSE,
FUELSYS_INTERFACE(2),3037,FUEL-METER-KNOB-PTR,TUMB,191,-0.166666667,0,1,Select tank for fuel meter,,
FUELSYS_INTERFACE(2),3037,FUEL-METER-KNOB-PTR,TUMB,191,0.166666667,0,1,Select tank for fuel meter,,
FUELSYS_INTERFACE(2),3040,FUEL-METER-H-BUTTON-PTR,BTN,524,1,0,1,Fuel meter test low,,
FUELSYS_INTERFACE(2),3042,FUEL-METER-P-BUTTON-PTR,BTN,526,1,0,1,Fuel meter test high,,
GREBEN(27),3001,GREBEN-ON-PFF-PTR,TUMB,367,-1,0,1,Greben' ON/OFF,,
GREBEN(27),3001,GREBEN-ON-PFF-PTR,TUMB,367,1,0,1,Greben' ON/OFF,,
GREBEN(27),3004,GREBEN-LATITUDE-PTR,LEV,448,0,0,1,Greben Set Latitude,,
GREBEN(27),3007,GREBEN-MATCH-PTR,BTN,450,1,0,1,Greben Match,,
GREBEN(27),3009,GREBEN-MODE-PTR,TUMB,449,-1,-1,1,Greben' mode ZK/GPK/MK,,
GREBEN(27),3009,GREBEN-MODE-PTR,TUMB,449,1,-1,1,Greben' mode ZK/GPK/MK,,
GREBEN(27),3012,GREBEN-SETUP-PTR,TUMB,451,-1,0,1,Greben' mode SETUP/OPER,,
GREBEN(27),3012,GREBEN-SETUP-PTR,TUMB,451,1,0,1,Greben' mode SETUP/OPER,,
GREBEN(27),3015,RMI-COURSE-KNOB-PTR,LEV,858,0,0,1,Course setter,,
G_Meter(53),3001,GFORCE-RESET-PTR,BTN,947,1,0,1,Accelerometer Reset Button - Push to reset,,
HELPER_AI(30),3011,OP-COLL-ENGAGE-PTR,BTN,865,1,0,1,Engage Stick,,
HELPER_AI(30),3012,OP-STICK-DISENGAGE-PTR,BTN,859,1,0,1,Disengage Stick,,
HELPER_AI(30),3013,OP-STICK-DISENGAGE-COVER-PTR,TUMB,857,-1,0,1,Disengage Stick Cover,,
HELPER_AI(30),3013,OP-STICK-DISENGAGE-COVER-PTR,TUMB,857,1,0,1,Disengage Stick Cover,,
HYDRO_SYS_INTERFACE(4),3001,HYDRO-MAIN-SECOND-PTR,TUMB,217,-1,0,1,Main/Auxiliary Hydraulic Switch, MAIN/AUXILIARY,
HYDRO_SYS_INTERFACE(4),3001,HYDRO-MAIN-SECOND-PTR,TUMB,217,1,0,1,Main/Auxiliary Hydraulic Switch, MAIN/AUXILIARY,
HYDRO_SYS_INTERFACE(4),3002,HYDRO-MAIN-SECOND-COVER-PTR,TUMB,216,-1,0,1,Main/Auxiliary Hydraulic Switch Cover, UP/DOWN,
HYDRO_SYS_INTERFACE(4),3002,HYDRO-MAIN-SECOND-COVER-PTR,TUMB,216,1,0,1,Main/Auxiliary Hydraulic Switch Cover, UP/DOWN,
HYDRO_SYS_INTERFACE(4),3003,LANDING-GEAR-MAIN-BACKUP-PTR,TUMB,219,-1,0,1,Main/Reserve Gear Hydraulic Switch, MAIN/RESERVE,
HYDRO_SYS_INTERFACE(4),3003,LANDING-GEAR-MAIN-BACKUP-PTR,TUMB,219,1,0,1,Main/Reserve Gear Hydraulic Switch, MAIN/RESERVE,
HYDRO_SYS_INTERFACE(4),3004,LANDING-GEAR-MAIN-BACKUP-COVER-PTR,TUMB,218,-1,0,1,Main/Reserve Gear Hydraulic Switch Cover, UP/DOWN,
HYDRO_SYS_INTERFACE(4),3004,LANDING-GEAR-MAIN-BACKUP-COVER-PTR,TUMB,218,1,0,1,Main/Reserve Gear Hydraulic Switch Cover, UP/DOWN,
HYDRO_SYS_INTERFACE(4),3005,HYDRO-BACKUP-OFF-PTR,BTN,213,1,0,1,Auxiliary Disable Button,,
HYDRO_SYS_INTERFACE(4),3006,HYDRO-BACKUP-OFF-COVER-PTR,TUMB,215,-1,0,1,Auxiliary Disable Button Cover, UP/DOWN,
HYDRO_SYS_INTERFACE(4),3006,HYDRO-BACKUP-OFF-COVER-PTR,TUMB,215,1,0,1,Auxiliary Disable Button Cover, UP/DOWN,
HYDRO_SYS_INTERFACE(4),3007,PEDAL-DAMPER-COVER-PTR,TUMB,290,-1,0,1,Pedal Damper, ON/OFF,
HYDRO_SYS_INTERFACE(4),3007,PEDAL-DAMPER-COVER-PTR,TUMB,290,1,0,1,Pedal Damper, ON/OFF,
HYDRO_SYS_INTERFACE(4),3008,PEDAL-DAMPER-COVER-PTR-PTR,TUMB,289,-1,0,1,Pedal Damper Cover, UP/DOWN,
HYDRO_SYS_INTERFACE(4),3008,PEDAL-DAMPER-COVER-PTR-PTR,TUMB,289,1,0,1,Pedal Damper Cover, UP/DOWN,
HYDRO_SYS_INTERFACE(4),3009,PEDAL-DAMPER-OP-PTR,TUMB,667,-1,0,1,Pedal Damper, ON/OFF,
HYDRO_SYS_INTERFACE(4),3009,PEDAL-DAMPER-OP-PTR,TUMB,667,1,0,1,Pedal Damper, ON/OFF,
HYDRO_SYS_INTERFACE(4),3010,PEDAL-DAMPER-OP-COVER-PTR,TUMB,666,-1,0,1,Pedal Damper Cover, UP/DOWN,
HYDRO_SYS_INTERFACE(4),3010,PEDAL-DAMPER-OP-COVER-PTR,TUMB,666,1,0,1,Pedal Damper Cover, UP/DOWN,
HYDRO_SYS_INTERFACE(4),3011,CONTROL-PRIORITY-PTR,TUMB,48,-1,0,1,Control Assumed Switch Cover, ON/OFF,
HYDRO_SYS_INTERFACE(4),3011,CONTROL-PRIORITY-PTR,TUMB,48,1,0,1,Control Assumed Switch Cover, ON/OFF,
HYDRO_SYS_INTERFACE(4),3012, CONTROL-COVER-PRIORITY-PTR,TUMB,47,-1,0,1,Control Assumed Switch Cover, UP/DOWN,
HYDRO_SYS_INTERFACE(4),3012, CONTROL-COVER-PRIORITY-PTR,TUMB,47,1,0,1,Control Assumed Switch Cover, UP/DOWN,
I9K113(7),3001,PK-PN-POWER-PTR,TUMB,885,-1,0,1,Sight Power Switch,,
I9K113(7),3001,PK-PN-POWER-PTR,TUMB,885,1,0,1,Sight Power Switch,,
I9K113(7),3002,PK-OBSERVE-PTR,TUMB,886,-1,0,1,OBSERVE,,
I9K113(7),3002,PK-OBSERVE-PTR,TUMB,886,1,0,1,OBSERVE,,
I9K113(7),3003,PK-DIAPH-PTR,TUMB,887,-1,0,1,DIAFR Open,,
I9K113(7),3003,PK-DIAPH-PTR,TUMB,887,1,0,1,DIAFR Open,,
I9K113(7),3004,PK-LOCK-PTR,TUMB,912,-1,0,1,LOCK ARU,,
I9K113(7),3004,PK-LOCK-PTR,TUMB,912,1,0,1,LOCK ARU,,
I9K113(7),3005,PK-SSP-PTR,TUMB,913,-1,0,1,SSP On,,
I9K113(7),3005,PK-SSP-PTR,TUMB,913,1,0,1,SSP On,,
I9K113(7),3006,PK-IMIT-GENER-PTR,TUMB,910,-1,0,1,GENERATOR-IMIT,,
I9K113(7),3006,PK-IMIT-GENER-PTR,TUMB,910,1,0,1,GENERATOR-IMIT,,
I9K113(7),3007,PK-CHECK-PTR,TUMB,905,-1,-1,1,CHECK2-NEUTR-CHECK1,,
I9K113(7),3007,PK-CHECK-PTR,TUMB,905,1,-1,1,CHECK2-NEUTR-CHECK1,,
I9K113(7),3008,WEAP-JETTISON-SPECIAL-OP-COVER-PTR002,TUMB,903,-1,0,1,WORK-CHECK,,
I9K113(7),3008,WEAP-JETTISON-SPECIAL-OP-COVER-PTR002,TUMB,903,1,0,1,WORK-CHECK,,
I9K113(7),3009,PK-WORK-CHECK-PTR,TUMB,899,-0.1,0,0.4,BVK Set,,
I9K113(7),3009,PK-WORK-CHECK-PTR,TUMB,899,0.1,0,0.4,BVK Set,,
I9K113(7),3010,PK-LAUNCH-PTR,BTN,911,1,0,1,Start PM,,
I9K113(7),3011,L166V-SWITCH-PTR,TUMB,870,-1,-1,1,Lamps Check,,
I9K113(7),3011,L166V-SWITCH-PTR,TUMB,870,1,-1,1,Lamps Check,,
I9K113(7),3012,SHTV-IN-OUT-PTR,TUMB,934,-1,0,1,Switcher IN-OUT,,
I9K113(7),3012,SHTV-IN-OUT-PTR,TUMB,934,1,0,1,Switcher IN-OUT,,
I9K113(7),3013,SHTV-CODE-PTR,TUMB,935,-1,0,1,Switcher CODE1-CODE2,,
I9K113(7),3013,SHTV-CODE-PTR,TUMB,935,1,0,1,Switcher CODE1-CODE2,,
I9K113(7),3014,SHTV-CHECK-VALUE-PTR,TUMB,933,-1,0,1,Switcher 0 - 0.4,,
I9K113(7),3014,SHTV-CHECK-VALUE-PTR,TUMB,933,1,0,1,Switcher 0 - 0.4,,
I9K113(7),3015,SHTV-CHECK-PTR,BTN,931,1,0,1,Checking,,
I9K113(7),3016,SHTV-HIGH-K-PTR,BTN,875,1,0,1,High K,,
I9K113(7),3017,SHTV-LAMP-CHECK-PTR,BTN,932,1,0,1,Lamps Check,,
I9K113(7),3018,WEAP-MISSILES-SIGHT-HEATING-OP-PTR,TUMB,775,-1,0,1,Sight Doors,,
I9K113(7),3018,WEAP-MISSILES-SIGHT-HEATING-OP-PTR,TUMB,775,1,0,1,Sight Doors,,
I9K113(7),3021,OP-SIGHT-SCOPE-PTR,TUMB,871,-1,0,1,Zoom In-Out,,
I9K113(7),3021,OP-SIGHT-SCOPE-PTR,TUMB,871,1,0,1,Zoom In-Out,,
I9K113(7),3022,OP-SIGHT-ORANGE-PTR,TUMB,872,-1,0,1,Orange Filter,,
I9K113(7),3022,OP-SIGHT-ORANGE-PTR,TUMB,872,1,0,1,Orange Filter,,
I9K113(7),3023,OP-SIGHT-ANTILASER-PTR,TUMB,873,-1,0,1,Laser Filter,,
I9K113(7),3023,OP-SIGHT-ANTILASER-PTR,TUMB,873,1,0,1,Laser Filter,,
I9K113(7),3062,PK-LIGHT-PTR,TUMB,884,-1,0,1,Backlight,,
I9K113(7),3062,PK-LIGHT-PTR,TUMB,884,1,0,1,Backlight,,
I9K113(7),3064,PK-HEATING-PTR,TUMB,890,-1,0,1,Sight Heating,,
I9K113(7),3064,PK-HEATING-PTR,TUMB,890,1,0,1,Sight Heating,,
I9K113(7),3067,PTR-STICK-STOW-1026,TUMB,0,-1,0,1,Push to Park/Unpark Operators Stick,,
I9K113(7),3067,PTR-STICK-STOW-1026,TUMB,0,1,0,1,Push to Park/Unpark Operators Stick,,
IFF(57),3001,DEV6201-CODE-PTR,TUMB,334,-0.333333333,0,1,IFF Transponder Mode Selector Switch, AUTO/KD/+-15/KP,
IFF(57),3001,DEV6201-CODE-PTR,TUMB,334,0.333333333,0,1,IFF Transponder Mode Selector Switch, AUTO/KD/+-15/KP,
IFF(57),3002,DEV6201-MAIN-BACKUP-PTR,TUMB,336,-1,0,1,IFF Transponder Device Selector Switch, WORK/RESERVE,
IFF(57),3002,DEV6201-MAIN-BACKUP-PTR,TUMB,336,1,0,1,IFF Transponder Device Selector Switch, WORK/RESERVE,
IFF(57),3003,DEV6201-NOT-USED-PTR,TUMB,332,-1,0,1,IFF Transponder Device Mode Switch, 1/2,
IFF(57),3003,DEV6201-NOT-USED-PTR,TUMB,332,1,0,1,IFF Transponder Device Mode Switch, 1/2,
IFF(57),3004,DEV6201-ERASE-COVER-PTR,TUMB,328,-1,0,1,IFF Transponder Erase Button Cover, OPEN/CLOSE,
IFF(57),3004,DEV6201-ERASE-COVER-PTR,TUMB,328,1,0,1,IFF Transponder Erase Button Cover, OPEN/CLOSE,
IFF(57),3005,DEV6201-ERASE-PTR,BTN,329,1,0,1,IFF Transponder Erase Button - Push to erase,,
IFF(57),3006,DEV6201-SOS-COVER-PTR,TUMB,330,-1,0,1,IFF Transponder Disaster Switch Cover, OPEN/CLOSE,
IFF(57),3006,DEV6201-SOS-COVER-PTR,TUMB,330,1,0,1,IFF Transponder Disaster Switch Cover, OPEN/CLOSE,
IFF(57),3007,DEV6201-SOS-PTR,TUMB,331,-1,0,1,IFF Transponder Disaster Switch, ON/OFF,
IFF(57),3007,DEV6201-SOS-PTR,TUMB,331,1,0,1,IFF Transponder Disaster Switch, ON/OFF,
IFF(57),3008,DEV6201-POWER-PTR,TUMB,383,-1,0,1,IFF Transponder Power Switch, ON/OFF,
IFF(57),3008,DEV6201-POWER-PTR,TUMB,383,1,0,1,IFF Transponder Power Switch, ON/OFF,
INT_LIGHTS_SYSTEM(23),3001,LTG-COCKPIT-OP-PTR,TUMB,682,-1,-1,1,Operator Cabin Lighting Switch, WHITE/OFF/RED,
INT_LIGHTS_SYSTEM(23),3001,LTG-COCKPIT-OP-PTR,TUMB,682,1,-1,1,Operator Cabin Lighting Switch, WHITE/OFF/RED,
INT_LIGHTS_SYSTEM(23),3002,LTG-COCKPIT-PTR,TUMB,356,-1,-1,1,Pilot Cabin Lighting Switch, WHITE/OFF/RED,
INT_LIGHTS_SYSTEM(23),3002,LTG-COCKPIT-PTR,TUMB,356,1,-1,1,Pilot Cabin Lighting Switch, WHITE/OFF/RED,
INT_LIGHTS_SYSTEM(23),3003,LTG-WHITE-PTR,TUMB,354,-1,0,1,Cargo Lighting Switch, ON/OFF,
INT_LIGHTS_SYSTEM(23),3003,LTG-WHITE-PTR,TUMB,354,1,0,1,Cargo Lighting Switch, ON/OFF,
INT_LIGHTS_SYSTEM(23),3004,LTG-WHITE-COVER-PTR,TUMB,353,-1,0,1,Cargo Lighting Switch Cover, UP/DOWN,
INT_LIGHTS_SYSTEM(23),3004,LTG-WHITE-COVER-PTR,TUMB,353,1,0,1,Cargo Lighting Switch Cover, UP/DOWN,
INT_LIGHTS_SYSTEM(23),3005,LTG-CARGO-PTR,TUMB,355,-1,-1,1,Cargo Lighting Switch, WHITE/OFF/BLUE,
INT_LIGHTS_SYSTEM(23),3005,LTG-CARGO-PTR,TUMB,355,1,-1,1,Cargo Lighting Switch, WHITE/OFF/BLUE,
INT_LIGHTS_SYSTEM(23),3008,LAMP-CONTROL-PTR,BTN,363,1,0,1,Test Warning Lights Button,,
INT_LIGHTS_SYSTEM(23),3009,LAMP-CONTROL-OP-PTR,BTN,681,1,0,1,Test Warning Lights Button,,
INT_LIGHTS_SYSTEM(23),3010,DAY-NIGHT-PTR,TUMB,362,-1,0,1,Day-Night Switch, DAY/NIGHT,
INT_LIGHTS_SYSTEM(23),3010,DAY-NIGHT-PTR,TUMB,362,1,0,1,Day-Night Switch, DAY/NIGHT,
INT_LIGHTS_SYSTEM(23),3011,FLASHER-PTR,TUMB,364,-1,0,1,Blinker Switch, ON/OFF,
INT_LIGHTS_SYSTEM(23),3011,FLASHER-PTR,TUMB,364,1,0,1,Blinker Switch, ON/OFF,
INT_LIGHTS_SYSTEM(23),3012,RED-LTG1-PTR,TUMB,148,-0.1,0,1,Transformer 1 Group Of Red Lights Right And Pilot Panel, OFF/8V/9V/10V/11V/12V/13V/14V/16V/18V/20V,
INT_LIGHTS_SYSTEM(23),3012,RED-LTG1-PTR,TUMB,148,0.1,0,1,Transformer 1 Group Of Red Lights Right And Pilot Panel, OFF/8V/9V/10V/11V/12V/13V/14V/16V/18V/20V,
INT_LIGHTS_SYSTEM(23),3013,RED-LTG2-PTR,TUMB,147,-0.1,0,1,Transformer 2 Group Of Red Lights Right And Pilot Panel, OFF/8V/9V/10V/11V/12V/13V/14V/16V/18V/20V,
INT_LIGHTS_SYSTEM(23),3013,RED-LTG2-PTR,TUMB,147,0.1,0,1,Transformer 2 Group Of Red Lights Right And Pilot Panel, OFF/8V/9V/10V/11V/12V/13V/14V/16V/18V/20V,
INT_LIGHTS_SYSTEM(23),3014,AUX-LTG-PTR,TUMB,822,-1,0,1,Armament Panel Red Lights Switch, ON/OFF,
INT_LIGHTS_SYSTEM(23),3014,AUX-LTG-PTR,TUMB,822,1,0,1,Armament Panel Red Lights Switch, ON/OFF,
INT_LIGHTS_SYSTEM(23),3015,RED-LTG4-PTR,TUMB,820,-0.1,0,1,Transformer 1 Group Of Red Lights Left Pilot Panel, OFF/8V/9V/10V/11V/12V/13V/14V/16V/18V/20V,
INT_LIGHTS_SYSTEM(23),3015,RED-LTG4-PTR,TUMB,820,0.1,0,1,Transformer 1 Group Of Red Lights Left Pilot Panel, OFF/8V/9V/10V/11V/12V/13V/14V/16V/18V/20V,
INT_LIGHTS_SYSTEM(23),3016,RED-LTG5-PTR,TUMB,503,-0.1,0,1,Transformer 2 Group Of Red Lights Left Pilot Panel, OFF/8V/9V/10V/11V/12V/13V/14V/16V/18V/20V,
INT_LIGHTS_SYSTEM(23),3016,RED-LTG5-PTR,TUMB,503,0.1,0,1,Transformer 2 Group Of Red Lights Left Pilot Panel, OFF/8V/9V/10V/11V/12V/13V/14V/16V/18V/20V,
INT_LIGHTS_SYSTEM(23),3017,RED-LTG1-OP-PTR,TUMB,1013,-0.1,0,1,Transformer 1 Group Of Red Lights Left And Operator Panel, OFF/8V/9V/10V/11V/12V/13V/14V/16V/18V/20V,
INT_LIGHTS_SYSTEM(23),3017,RED-LTG1-OP-PTR,TUMB,1013,0.1,0,1,Transformer 1 Group Of Red Lights Left And Operator Panel, OFF/8V/9V/10V/11V/12V/13V/14V/16V/18V/20V,
INT_LIGHTS_SYSTEM(23),3018,RED-LTG2-OP-PTR,TUMB,1014,-0.1,0,1,Transformer 2 Group Of Red Lights Left And Operator Panel, OFF/8V/9V/10V/11V/12V/13V/14V/16V/18V/20V,
INT_LIGHTS_SYSTEM(23),3018,RED-LTG2-OP-PTR,TUMB,1014,0.1,0,1,Transformer 2 Group Of Red Lights Left And Operator Panel, OFF/8V/9V/10V/11V/12V/13V/14V/16V/18V/20V,
INT_LIGHTS_SYSTEM(23),3020,RED-LTG3-PTR,TUMB,149,-0.1,0,1,Builtin Red Lights Transformer, OFF/0.6V/1.2V/1.8V/2.4V/3V/3.6V/4.2V/4.8V/5.4V/6V,
INT_LIGHTS_SYSTEM(23),3020,RED-LTG3-PTR,TUMB,149,0.1,0,1,Builtin Red Lights Transformer, OFF/0.6V/1.2V/1.8V/2.4V/3V/3.6V/4.2V/4.8V/5.4V/6V,
JADRO_1I(50),3001,JADRO-MODULATION-PTR,TUMB,438,-0.1,0,0.2,Jadro-1I Mode OFF/AM/OM,,
JADRO_1I(50),3001,JADRO-MODULATION-PTR,TUMB,438,0.1,0,0.2,Jadro-1I Mode OFF/AM/OM,,
JADRO_1I(50),3004,JADRO-001-PTR,TUMB,437,-0.1,0,1,Jadro-1I Frequency,,
JADRO_1I(50),3004,JADRO-001-PTR,TUMB,437,0.1,0,1,Jadro-1I Frequency,,
JADRO_1I(50),3007,JADRO-01-PTR,TUMB,436,-0.1,0,1,Jadro-1I Frequency,,
JADRO_1I(50),3007,JADRO-01-PTR,TUMB,436,0.1,0,1,Jadro-1I Frequency,,
JADRO_1I(50),3010,JADRO-1-PTR,TUMB,429,-0.1,0,1,Jadro-1I Frequency,,
JADRO_1I(50),3010,JADRO-1-PTR,TUMB,429,0.1,0,1,Jadro-1I Frequency,,
JADRO_1I(50),3013,JADRO-10-PTR,TUMB,428,-0.1,0,1,Jadro-1I Frequency,,
JADRO_1I(50),3013,JADRO-10-PTR,TUMB,428,0.1,0,1,Jadro-1I Frequency,,
JADRO_1I(50),3016,JADRO-100-PTR,TUMB,427,-0.1,0,1,Jadro-1I Frequency,,
JADRO_1I(50),3016,JADRO-100-PTR,TUMB,427,0.1,0,1,Jadro-1I Frequency,,
JADRO_1I(50),3019,JADRO-VOLUME-PTR,LEV,426,0,0,1,Jadro-1I Volume,,
JADRO_1I(50),3022,JADRO-PSH-PTR,LEV,421,0,0,1,Jadro-1I Squelch,,
JADRO_1I(50),3025,JADRO-CONTROL-PTR,BTN,423,1,0,1,Jadro-1I Test,,
JADRO_1I(50),3027,JADRO-ON-OFF-PTR,TUMB,374,-1,0,1,Jadro-1I ON/OFF,,
JADRO_1I(50),3027,JADRO-ON-OFF-PTR,TUMB,374,1,0,1,Jadro-1I ON/OFF,,
KM_2(68),3001,KM2-KNOB-PTR,LEV,647,0,0,1,KM-2 set magnetic declination ,,
KM_2(68),3002,KM2-CONTR-BUTTON-PTR,BTN,645,1,0,1,KM-2 Test button,,
MAP_DISPLAY(45),3001,MAPDISPLAY-SCALE-PTR,TUMB,985,-1,0,1,Map Scale Selector,,
MAP_DISPLAY(45),3001,MAPDISPLAY-SCALE-PTR,TUMB,985,1,0,1,Map Scale Selector,,
MAP_DISPLAY(45),3004,MAPDISPLAY-VERT-PTR,LEV,291,0,0,1,Set the vertical position of the helicopter on the Map ,,
MAP_DISPLAY(45),3006,MAPDISPLAY-HOR-PTR,LEV,983,0,0,1,Set the horizontall position of the helicopter on the Map ,,
MAP_DISPLAY(45),3008,MAPDISPLAY-POWER-PTR,TUMB,984,-1,0,1,Map Power ON/OFF,,
MAP_DISPLAY(45),3008,MAPDISPLAY-POWER-PTR,TUMB,984,1,0,1,Map Power ON/OFF,,
MAP_DISPLAY(45),3011,MAP-LIGHT-PTR,TUMB,192,-1,-1,1,Map Highlight  BRIGHT/OFF/DIM,,
MAP_DISPLAY(45),3011,MAP-LIGHT-PTR,TUMB,192,1,-1,1,Map Highlight  BRIGHT/OFF/DIM,,
MGV1SU_1(25),3001,GYRO1-CAGE-PTR,BTN,10,1,0,1,Cage Gyro 1,,
MGV1SU_1(25),3004,MGV1-POWER-PTR,TUMB,369,-1,0,1,Gyro 1 Power, ON/OFF,
MGV1SU_1(25),3004,MGV1-POWER-PTR,TUMB,369,1,0,1,Gyro 1 Power, ON/OFF,
MGV1SU_2(26),3001,GYRO2-CAGE-PTR,BTN,14,1,0,1,Cage Gyro 2,,
MGV1SU_2(26),3003,GYRO-CAGE-OP-PTR,BTN,701,1,0,1,Cage Gyro 2,,
MGV1SU_2(26),3004,MGV2-POWER-PTR,TUMB,368,-1,0,1,Gyro 2 Power, ON/OFF,
MGV1SU_2(26),3004,MGV2-POWER-PTR,TUMB,368,1,0,1,Gyro 2 Power, ON/OFF,
PKP72M_INTERFACE(34),3001,GYRO-SEL-PTR,TUMB,12,-1,0,1,Gyrovertical Switch, 1/2,
PKP72M_INTERFACE(34),3001,GYRO-SEL-PTR,TUMB,12,1,0,1,Gyrovertical Switch, 1/2,
PKP72M_INTERFACE(34),3002,PKP-POWER-OP-PTR,TUMB,759,-1,0,1,ADI Switch, ON/OFF,
PKP72M_INTERFACE(34),3002,PKP-POWER-OP-PTR,TUMB,759,1,0,1,ADI Switch, ON/OFF,
PKP72M_O(33),3001,PKP-INIT-PITCH-KNOB-OP-PTR,LEV,782,0,0,1,Pitch Trim Knob,,
PKP72M_O(33),3002,PKP-TEST-OP-PTR,BTN,787,1,0,1,Test ADI Button,,
PKP72M_P(32),3001,PKP-INIT-PITCH-KNOB-PTR,LEV,941,0,0,1,Pitch Trim Knob,,
PKP72M_P(32),3002,PKP-TEST-PTR,BTN,946,1,0,1,Test ADI Button,,
RADAR_ALTIMETER(12),3001,RADAR-ALTIMETER-KNOB-PTR,LEV,30,0.05,0,1,Radar altimeter adjust and test,,
RADAR_ALTIMETER(12),3002,RADAR-ALTIMETER-KNOB-PTR,BTN,31,1,0,1,Radar altimeter adjust and test,,
RADAR_ALTIMETER(12),3003,RAD-ALT-ON-OFF-PTR,TUMB,372,-1,0,1,RV-5 ON/OFF,,
RADAR_ALTIMETER(12),3003,RAD-ALT-ON-OFF-PTR,TUMB,372,1,0,1,RV-5 ON/OFF,,
RMI2_O(44),3002,RMI-KUR-2-OP-PTR,TUMB,843,-1,0,1,Mode Switch, ZK/ARKU2,
RMI2_O(44),3002,RMI-KUR-2-OP-PTR,TUMB,843,1,0,1,Mode Switch, ZK/ARKU2,
RMI2_P(43),3002,RMI-KUR-2-PTR,TUMB,26,-1,0,1,Mode Switch, ZK/ARKU2,
RMI2_P(43),3002,RMI-KUR-2-PTR,TUMB,26,1,0,1,Mode Switch, ZK/ARKU2,
R_852(52),3001,R852-CHANNEL-PTR,TUMB,518,-0.1,0,0.3,R-852 Channel Select,,
R_852(52),3001,R852-CHANNEL-PTR,TUMB,518,0.1,0,0.3,R-852 Channel Select,,
R_852(52),3004,R852-VOLUME-KNOB-PTR,LEV,517,0,0,1,R-852 Volume,,
R_863(49),3001,R863-ON-OFF-PTR,TUMB,375,-1,0,1,R-863 ON/OFF,,
R_863(49),3001,R863-ON-OFF-PTR,TUMB,375,1,0,1,R-863 ON/OFF,,
R_863(49),3004,R863-MODULATION-PTR,TUMB,506,-1,0,1,R-863 FM/AM,,
R_863(49),3004,R863-MODULATION-PTR,TUMB,506,1,0,1,R-863 FM/AM,,
R_863(49),3007,R863-CHANNEL-PTR,TUMB,513,-0.05,0,0.95,R-863 Channel Select,,
R_863(49),3007,R863-CHANNEL-PTR,TUMB,513,0.05,0,0.95,R-863 Channel Select,,
R_863(49),3009,R863-PSH-PTR,TUMB,510,-1,0,1,R-863 Squelch ON/OFF,,
R_863(49),3009,R863-PSH-PTR,TUMB,510,1,0,1,R-863 Squelch ON/OFF,,
R_863(49),3012,R863-VOLUME-KNOB-PTR,LEV,511,0,0,1,R-863 Volume,,
R_863(49),3015,R863-AP-PTR,TUMB,507,-1,0,1,R-863 Emergency Receiver ON/OFF,,
R_863(49),3015,R863-AP-PTR,TUMB,507,1,0,1,R-863 Emergency Receiver ON/OFF,,
R_863(49),3018,R863-RK-PTR,TUMB,509,-1,0,1,R-863 ARC-UD ON/OFF,,
R_863(49),3018,R863-RK-PTR,TUMB,509,1,0,1,R-863 ARC-UD ON/OFF,,
Recorder_MC61(58),3001,RECORDER-POWER-PTR,TUMB,378,-1,0,1,Recorder MC 61 Power Switch, ON/OFF,
Recorder_MC61(58),3001,RECORDER-POWER-PTR,TUMB,378,1,0,1,Recorder MC 61 Power Switch, ON/OFF,
Recorder_MC61(58),3002,RECORDER-MODE-PTR,TUMB,1007,-1,0,1,Recorder MC 61 AUTO/WORK,,
Recorder_MC61(58),3002,RECORDER-MODE-PTR,TUMB,1007,1,0,1,Recorder MC 61 AUTO/WORK,,
Recorder_MC61(58),3003,RECORDER-LTG-KNOB-PTR,LEV,381,0,0,1,Recorder MC 61 Brightness Knob,,
Recorder_MC61(58),3004,RECORDER-SOURCE-PTR,TUMB,1012,-1,0,1,Laryngophone Switch, ON/OFF,
Recorder_MC61(58),3004,RECORDER-SOURCE-PTR,TUMB,1012,1,0,1,Laryngophone Switch, ON/OFF,
SARPP12I1(62),3001,SARPP-MAN-AUTO-OFF-PTR,TUMB,357,-1,-1,1,SARPP-12 Mode Switch, MANUAL/AUTO,
SARPP12I1(62),3001,SARPP-MAN-AUTO-OFF-PTR,TUMB,357,1,-1,1,SARPP-12 Mode Switch, MANUAL/AUTO,
SIGNAL_FLARES(64),3001,FLARE-TOP-POWER-PTR,TUMB,343,-1,0,1,Signal Flares Cassette 1 Power Switch, ON/OFF,
SIGNAL_FLARES(64),3001,FLARE-TOP-POWER-PTR,TUMB,343,1,0,1,Signal Flares Cassette 1 Power Switch, ON/OFF,
SIGNAL_FLARES(64),3002,FLARE-TOP-GREEN-PTR,TUMB,345,-1,0,1,Signal Flares Cassette 1 Launch Green Button,,
SIGNAL_FLARES(64),3002,FLARE-TOP-GREEN-PTR,TUMB,345,1,0,1,Signal Flares Cassette 1 Launch Green Button,,
SIGNAL_FLARES(64),3003,FLARE-TOP-RED-PTR,TUMB,344,-1,0,1,Signal Flares Cassette 1 Launch Red Button,,
SIGNAL_FLARES(64),3003,FLARE-TOP-RED-PTR,TUMB,344,1,0,1,Signal Flares Cassette 1 Launch Red Button,,
SIGNAL_FLARES(64),3004,FLARE-TOP-WHITE-PTR,TUMB,347,-1,0,1,Signal Flares Cassette 1 Launch White Button,,
SIGNAL_FLARES(64),3004,FLARE-TOP-WHITE-PTR,TUMB,347,1,0,1,Signal Flares Cassette 1 Launch White Button,,
SIGNAL_FLARES(64),3005,FLARE-TOP-YELLOW-PTR,TUMB,346,-1,0,1,Signal Flares Cassette 1 Launch Yellow Button,,
SIGNAL_FLARES(64),3005,FLARE-TOP-YELLOW-PTR,TUMB,346,1,0,1,Signal Flares Cassette 1 Launch Yellow Button,,
SIGNAL_FLARES(64),3006,FLARE-BOTTOM-POWER-PTR,TUMB,352,-1,0,1,Signal Flares Cassette 2 Power Switch, ON/OFF,
SIGNAL_FLARES(64),3006,FLARE-BOTTOM-POWER-PTR,TUMB,352,1,0,1,Signal Flares Cassette 2 Power Switch, ON/OFF,
SIGNAL_FLARES(64),3007,FLARE-BOTTOM-GREEN-PTR,TUMB,349,-1,0,1,Signal Flares Cassette 2 Launch Green Button,,
SIGNAL_FLARES(64),3007,FLARE-BOTTOM-GREEN-PTR,TUMB,349,1,0,1,Signal Flares Cassette 2 Launch Green Button,,
SIGNAL_FLARES(64),3008,FLARE-BOTTOM-RED-PTR,TUMB,348,-1,0,1,Signal Flares Cassette 2 Launch Red Button,,
SIGNAL_FLARES(64),3008,FLARE-BOTTOM-RED-PTR,TUMB,348,1,0,1,Signal Flares Cassette 2 Launch Red Button,,
SIGNAL_FLARES(64),3009,FLARE-BOTTOM-WHITE-PTR,TUMB,351,-1,0,1,Signal Flares Cassette 2 Launch White Button,,
SIGNAL_FLARES(64),3009,FLARE-BOTTOM-WHITE-PTR,TUMB,351,1,0,1,Signal Flares Cassette 2 Launch White Button,,
SIGNAL_FLARES(64),3010,FLARE-BOTTOM-YELLOW-PTR,TUMB,350,-1,0,1,Signal Flares Cassette 2 Launch Yellow Button,,
SIGNAL_FLARES(64),3010,FLARE-BOTTOM-YELLOW-PTR,TUMB,350,1,0,1,Signal Flares Cassette 2 Launch Yellow Button,,
SPO_10(67),3001,SIRENA-POWER-PTR,TUMB,366,-1,0,1,RWR Power,,
SPO_10(67),3001,SIRENA-POWER-PTR,TUMB,366,1,0,1,RWR Power,,
SPO_10(67),3002,SIRENA-SIGNAL-PTR,TUMB,365,-1,0,1,RWR Signal,,
SPO_10(67),3002,SIRENA-SIGNAL-PTR,TUMB,365,1,0,1,RWR Signal,,
SPO_10(67),3003,MAPDISPLAY-VERT-PTR001,TUMB,989,-1,0,1,RWR DAY/NIGHT,,
SPO_10(67),3003,MAPDISPLAY-VERT-PTR001,TUMB,989,1,0,1,RWR DAY/NIGHT,,
SPO_10(67),3004,GFORCE-RESET-PTR001,BTN,990,1,0,1,Check RWR,,
SPUU_52(19),3001,SPUU-OFF-PTR,TUMB,275,-1,0,1,SPUU OFF (that's a button but acts like a switch),,
SPUU_52(19),3001,SPUU-OFF-PTR,TUMB,275,1,0,1,SPUU OFF (that's a button but acts like a switch),,
SPUU_52(19),3003,SPUU-KNOB-PTR,LEV,276,1,0,1,Autopilot Route Azimuth,,
SPUU_52(19),3006,SPUU-CONTROL-PTR,BTN,277,1,0,1,SPUU Control Switch P/NONE/T,,
SPUU_52(19),3007,SPUU-CONTROL-PTR,BTN,277,-1,-1,0,SPUU Control Switch P/NONE/T,,
SPUU_52(19),3010,SPUU-ON-OFF-PTR,TUMB,270,-1,0,1,SPUU Power ON/OFF,,
SPUU_52(19),3010,SPUU-ON-OFF-PTR,TUMB,270,1,0,1,SPUU Power ON/OFF,,
SPU_8(55),3001,SPU8-VOLUME-PTR,LEV,457,0,0,1,SPU-8 Volume Knob,,
SPU_8(55),3002,SPU8-RADIO-VOL-KNOB-PTR,LEV,453,0,0,1,SPU-8 Radio Volume Knob,,
SPU_8(55),3003,SPU8-MODE-PTR,TUMB,455,-0.2,0,1,Radio Source Selector Switch, R-863/NF/JADRO-1A/R-828(Eucalypt)/ARC-15/ARC-U2,
SPU_8(55),3003,SPU8-MODE-PTR,TUMB,455,0.2,0,1,Radio Source Selector Switch, R-863/NF/JADRO-1A/R-828(Eucalypt)/ARC-15/ARC-U2,
SPU_8(55),3004,SPU8-EXT-PTR,TUMB,456,-1,0,1,Radio/ICS Switch,,
SPU_8(55),3004,SPU8-EXT-PTR,TUMB,456,1,0,1,Radio/ICS Switch,,
SPU_8(55),3007,SPU8-NET-PTR,TUMB,452,-1,0,1,Network 1/2 Switch (N/F),,
SPU_8(55),3007,SPU8-NET-PTR,TUMB,452,1,0,1,Network 1/2 Switch (N/F),,
SPU_8(55),3008,SPU8-CV-PTR,BTN,454,1,0,1,Circular Call Button (N/F),,
SPU_8(55),3009,SPU8-OP-VOLUME-PTR,LEV,661,0,0,1,SPU-8 Volume Knob,,
SPU_8(55),3010,SPU8-OP-RADIO-VOL-KNOB-PTR,LEV,657,0,0,1,SPU-8 Radio Volume Knob,,
SPU_8(55),3011,SPU8-OP-MODE-PTR,TUMB,659,-0.2,0,1,Radio Source Selector Switch, R-863/NF/JADRO-1A/R-828(Eucalypt)/ARC-15/ARC-U2,
SPU_8(55),3011,SPU8-OP-MODE-PTR,TUMB,659,0.2,0,1,Radio Source Selector Switch, R-863/NF/JADRO-1A/R-828(Eucalypt)/ARC-15/ARC-U2,
SPU_8(55),3012,SPU8-OP-EXT-PTR,TUMB,660,-1,0,1,Radio/ICS Switch,,
SPU_8(55),3012,SPU8-OP-EXT-PTR,TUMB,660,1,0,1,Radio/ICS Switch,,
SPU_8(55),3013,SPU8-OP-NET-PTR,TUMB,656,-1,0,1,Network 1/2 Switch (N/F),,
SPU_8(55),3013,SPU8-OP-NET-PTR,TUMB,656,1,0,1,Network 1/2 Switch (N/F),,
SPU_8(55),3014,SPU8-OP-CV-PTR,BTN,658,1,0,1,Circular Call Button (N/F),,
SPU_8(55),3015,SPU8-OP-PTR,TUMB,664,-1,0,1,SPUU Power ON/OFF,,
SPU_8(55),3015,SPU8-OP-PTR,TUMB,664,1,0,1,SPUU Power ON/OFF,,
SPU_8(55),3017,SPU8-1-ON-OFF-PTR,TUMB,376,-1,0,1,Switch SPU-8 NET-1 ON/OFF,,
SPU_8(55),3017,SPU8-1-ON-OFF-PTR,TUMB,376,1,0,1,Switch SPU-8 NET-1 ON/OFF,,
SPU_8(55),3018,SPU8-2-ON-OFF-PTR,TUMB,377,-1,0,1,Switch SPU-8 NET-2 ON/OFF,,
SPU_8(55),3018,SPU8-2-ON-OFF-PTR,TUMB,377,1,0,1,Switch SPU-8 NET-2 ON/OFF,,
UKT_2(18),3001,UKT-KNOB-PTR,LEV,951,0,0,1,Pitch Trim Knob,,
VMS(59),3001,SPEECH-OFF-PTR,BTN,359,1,0,1,RI-65 OFF Button,,
VMS(59),3002,SPEECH-CHECK-PTR,BTN,360,1,0,1,RI-65 Check Button,,
VMS(59),3003,SPEECH-REPEAT-PTR,BTN,361,1,0,1,RI-65 Repeat Button,,
WEAP_SYS(6),3001,STICK-RS-PTR,BTN,741,1,0,1,Fire Weapons,,
WEAP_SYS(6),3002,STICK-RS-COVER-PTR,TUMB,740,-1,0,1,Fire Weapons Cover,,
WEAP_SYS(6),3002,STICK-RS-COVER-PTR,TUMB,740,1,0,1,Fire Weapons Cover,,
WEAP_SYS(6),3003,WEAP-BURST-LENGTH-PTR,TUMB,521,-1,-1,1,Burst Length SHORT/MED/LONG,,
WEAP_SYS(6),3003,WEAP-BURST-LENGTH-PTR,TUMB,521,1,-1,1,Burst Length SHORT/MED/LONG,,
WEAP_SYS(6),3004,WEAP-127-LEFT-RELOAD-PTR,TUMB,522,-0.1,0,0.3,Reload Left Gondola,,
WEAP_SYS(6),3004,WEAP-127-LEFT-RELOAD-PTR,TUMB,522,0.1,0,0.3,Reload Left Gondola,,
WEAP_SYS(6),3005,WEAP-127-RIGHT-RELOAD-PTR,TUMB,527,-0.1,0,0.3,Reload Right Gondola,,
WEAP_SYS(6),3005,WEAP-127-RIGHT-RELOAD-PTR,TUMB,527,0.1,0,0.3,Reload Right Gondola,,
WEAP_SYS(6),3006,WEAP-SIGHT-CONTROL-ON-OFF-PTR,TUMB,530,-1,0,1,Weapon Camera ON/OFF,,
WEAP_SYS(6),3006,WEAP-SIGHT-CONTROL-ON-OFF-PTR,TUMB,530,1,0,1,Weapon Camera ON/OFF,,
WEAP_SYS(6),3007,WEAP-SELECT-KNOB-PTR,TUMB,523,-0.1,0,0.8,Select Weapon,,
WEAP_SYS(6),3007,WEAP-SELECT-KNOB-PTR,TUMB,523,0.1,0,0.8,Select Weapon,,
WEAP_SYS(6),3008,WEAP-ROCKET-SELECT-PTR,TUMB,531,-1,-1,1,Select Rockets LEFT/BOTH/RIGHT,,
WEAP_SYS(6),3008,WEAP-ROCKET-SELECT-PTR,TUMB,531,1,-1,1,Select Rockets LEFT/BOTH/RIGHT,,
WEAP_SYS(6),3009,WEAP-ON-OFF-PTR,TUMB,551,-1,0,1,Weapon Control ON/OFF,,
WEAP_SYS(6),3009,WEAP-ON-OFF-PTR,TUMB,551,1,0,1,Weapon Control ON/OFF,,
WEAP_SYS(6),3010,WEAP-CANNON-PACE-PTR,TUMB,550,-1,0,1,Cannon Fire Rate SLOW/FAST,,
WEAP_SYS(6),3010,WEAP-CANNON-PACE-PTR,TUMB,550,1,0,1,Cannon Fire Rate SLOW/FAST,,
WEAP_SYS(6),3011,WEAP-NPU-RELOAD-PTR,BTN,549,1,0,1,Reload Cannon,,
WEAP_SYS(6),3012,WEAP-KMG-INTERRUPT-PTR,BTN,547,1,0,1,Stop container,,
WEAP_SYS(6),3013,WEAP-JETTISON-EXPLOSION-PTR,TUMB,546,-1,0,1,Explosion on Jettison ON/OFF,,
WEAP_SYS(6),3013,WEAP-JETTISON-EXPLOSION-PTR,TUMB,546,1,0,1,Explosion on Jettison ON/OFF,,
WEAP_SYS(6),3014,WEAP-JETTISON-EXPLOSION-COVER-PTR,TUMB,545,-1,0,1,Explosion on Jettison Cover, UP/DOWN,
WEAP_SYS(6),3014,WEAP-JETTISON-EXPLOSION-COVER-PTR,TUMB,545,1,0,1,Explosion on Jettison Cover, UP/DOWN,
WEAP_SYS(6),3015,WEAP-JETTISON-SPECIAL-PTR,BTN,542,1,0,1,Jettison Pylons ON/OFF,,
WEAP_SYS(6),3016,WEAP-JETTISON-SPECIAL-COVER-PTR,TUMB,541,-1,0,1,Jettison Pylons Cover, UP/DOWN,
WEAP_SYS(6),3016,WEAP-JETTISON-SPECIAL-COVER-PTR,TUMB,541,1,0,1,Jettison Pylons Cover, UP/DOWN,
WEAP_SYS(6),3017,WEAP-JETTISON-LAUNCHER-PTR,BTN,538,1,0,1,Jettison Launcher ON/OFF,,
WEAP_SYS(6),3018,WEAP-JETTISON-LAUNCHER-COVER-PTR,TUMB,537,-1,0,1,Jettison Launcher Cover, UP/DOWN,
WEAP_SYS(6),3018,WEAP-JETTISON-LAUNCHER-COVER-PTR,TUMB,537,1,0,1,Jettison Launcher Cover, UP/DOWN,
WEAP_SYS(6),3019,WEAP-PUS-ENGAGEMENT-PTR,BTN,536,1,0,1,Arm Rockets,,
WEAP_SYS(6),3020,ARMAMENT-POWER-OP-PTR,TUMB,673,-1,0,1,Main Weapon Safe Switch,,
WEAP_SYS(6),3020,ARMAMENT-POWER-OP-PTR,TUMB,673,1,0,1,Main Weapon Safe Switch,,
WEAP_SYS(6),3021,OP-STICK-RS-PTR,BTN,187,1,0,1,Fire Weapons,,
WEAP_SYS(6),3022,OP-STICK-RS-COVER-PTR,TUMB,853,-1,0,1,Fire Weapons Cover,,
WEAP_SYS(6),3022,OP-STICK-RS-COVER-PTR,TUMB,853,1,0,1,Fire Weapons Cover,,
WEAP_SYS(6),3023,WEAP-PRIORITY-OP-PTR,TUMB,713,-1,0,1,Weapon Control,,
WEAP_SYS(6),3023,WEAP-PRIORITY-OP-PTR,TUMB,713,1,0,1,Weapon Control,,
WEAP_SYS(6),3024,WEAP-JETTISON-EXPLOSION-OP-PTR,TUMB,715,-1,0,1,Explosion on Jettison,,
WEAP_SYS(6),3024,WEAP-JETTISON-EXPLOSION-OP-PTR,TUMB,715,1,0,1,Explosion on Jettison,,
WEAP_SYS(6),3025,WEAP-JETTISON-OP-PTR,BTN,142,1,0,1,Emergency Jettison,,
WEAP_SYS(6),3026,WEAP-BURST-LENGTH-OP-PTR,TUMB,770,-1,-1,1,Burst Length SHORT/MED/LONG,,
WEAP_SYS(6),3026,WEAP-BURST-LENGTH-OP-PTR,TUMB,770,1,-1,1,Burst Length SHORT/MED/LONG,,
WEAP_SYS(6),3027,WEAP-SELECT-KNOB-OP-PTR,TUMB,709,-0.1,0,0.4,Select Weapon,,
WEAP_SYS(6),3027,WEAP-SELECT-KNOB-OP-PTR,TUMB,709,0.1,0,0.4,Select Weapon,,
WEAP_SYS(6),3028,WEAP-MISSILES-POWER-OP-PTR,TUMB,773,-1,0,1,Missiles Power,,
WEAP_SYS(6),3028,WEAP-MISSILES-POWER-OP-PTR,TUMB,773,1,0,1,Missiles Power,,
WEAP_SYS(6),3030,SHSCHO-POWER-PTR,TUMB,955,-1,0,1,SCHO Power,,
WEAP_SYS(6),3030,SHSCHO-POWER-PTR,TUMB,955,1,0,1,SCHO Power,,
WEAP_SYS(6),3031,WEAP-JETTISON-TEST-OP-PTR,BTN,768,1,0,1,Release Check PU,,
WEAP_SYS(6),3032,WEAP-JETTISON-SPECIAL-OP-PTR,TUMB,765,-1,0,1,Jettison Launcher ON/OFF,,
WEAP_SYS(6),3032,WEAP-JETTISON-SPECIAL-OP-PTR,TUMB,765,1,0,1,Jettison Launcher ON/OFF,,
WEAP_SYS(6),3033,WEAP-BOMBS-BLOCKS-OP-PTR,TUMB,700,-1,-1,1,Bombs/Blocks Mode,,
WEAP_SYS(6),3033,WEAP-BOMBS-BLOCKS-OP-PTR,TUMB,700,1,-1,1,Bombs/Blocks Mode,,
WEAP_SYS(6),3034,OP-AIM-RESET-RAD-PTR,BTN,882,1,0,1,Radiation Reset,,
WEAP_SYS(6),3035,SHSCHO-CHECK-PTR,BTN,956,1,0,1,SCHO Lamps Check,,
WEAP_SYS(6),3037,WEAP-CANNON-PACE-OP-PTR,TUMB,772,-1,0,1,Cannon Fire Rate SLOW/FAST,,
WEAP_SYS(6),3037,WEAP-CANNON-PACE-OP-PTR,TUMB,772,1,0,1,Cannon Fire Rate SLOW/FAST,,
WEAP_SYS(6),3038,SHSCHO-KNOB-PTR,TUMB,963,-0.1,0,0.8,Select Station,,
WEAP_SYS(6),3038,SHSCHO-KNOB-PTR,TUMB,963,0.1,0,0.8,Select Station,,
WEAP_SYS(6),3039,WEAP-NPU-RELOAD-OP-PTR,BTN,769,1,0,1,Reload Cannon,,
WEAP_SYS(6),3040,WEAP-PRIORITY-OP-COVER-PTR,TUMB,712,-1,0,1,Weapon Control Cover, UP/DOWN,
WEAP_SYS(6),3040,WEAP-PRIORITY-OP-COVER-PTR,TUMB,712,1,0,1,Weapon Control Cover, UP/DOWN,
WEAP_SYS(6),3041,WEAP-JETTISON-EXPLOSION-OP-COVER-PTR,TUMB,714,-1,0,1,Explosion on Jettison Cover, UP/DOWN,
WEAP_SYS(6),3041,WEAP-JETTISON-EXPLOSION-OP-COVER-PTR,TUMB,714,1,0,1,Explosion on Jettison Cover, UP/DOWN,
WEAP_SYS(6),3042,WEAP-JETTISON-OP-COVER-PTR,TUMB,141,-1,0,1,Emergency Jettison Cover, UP/DOWN,
WEAP_SYS(6),3042,WEAP-JETTISON-OP-COVER-PTR,TUMB,141,1,0,1,Emergency Jettison Cover, UP/DOWN,
WEAP_SYS(6),3043,WEAP-BOMBS-BLOCKS-OP-COVER-PTR,TUMB,699,-1,0,1,Bombs/Blocks Mode Cover, UP/DOWN,
WEAP_SYS(6),3043,WEAP-BOMBS-BLOCKS-OP-COVER-PTR,TUMB,699,1,0,1,Bombs/Blocks Mode Cover, UP/DOWN,
WEAP_SYS(6),3044,WEAP-JETTISON-SPECIAL-OP-COVER-PTR,TUMB,764,-1,0,1,Jettison Launcher Cover, UP/DOWN,
WEAP_SYS(6),3044,WEAP-JETTISON-SPECIAL-OP-COVER-PTR,TUMB,764,1,0,1,Jettison Launcher Cover, UP/DOWN,
WEAP_SYS(6),3045,WEAP-KMG-COMMENCE-OP-PTR,BTN,711,1,0,1,Start container,,
WEAP_SYS(6),3046,WEAP-KMG-INTERRUPT-OP-PTR,BTN,710,1,0,1,Stop container,,
